,ticker,organ_name
0,A32,Công ty Cổ phần 32
1,AAA,Công ty Cổ phần Nhựa An Phát Xanh
2,AAH,Công ty Cổ phần Hợp Nhất
3,AAM,Công ty Cổ Phần Thủy Sản MeKong
4,AAS,Công ty Cổ phần Chứng khoán SmartInvest
5,AAT,Công ty Cổ phần Tập đoàn Tiên Sơn Thanh Hóa
6,AAV,Công ty Cổ phần AAV Group
7,ABA,Công ty Cổ phần Giải pháp Thương mại A BA
8,ABB,Ngân hàng Thương mại Cổ phần An Bình
9,ABC,Công ty Cổ phần Truyền thông VMG
10,ABI,Công ty Cổ phần Bảo hiểm Ngân hàng Nông Nghiệp
11,ABR,Công ty Cổ phần Đầu tư Nhãn Hiệu Việt
12,ABS,Công ty Cổ phần Dịch vụ Nông nghiệp Bình Thuận
13,ABT,Công ty Cổ phần Xuất nhập khẩu Thủy sản Bến Tre
14,ABW,Công ty Cổ phần Chứng khoán An Bình
15,ACB,Ngân hàng Thương mại Cổ phần Á Châu
16,ACC,Công ty Cổ phần Đầu tư và Xây dựng Bình Dương ACC
17,ACE,Công ty Cổ phần Bê tông ly tâm An Giang
18,ACG,Công ty Cổ phần Gỗ An Cường
19,ACL,Công ty Cổ phần Xuất nhập khẩu Thủy sản Cửu Long An Giang
20,ACM,Công ty Cổ phần Tập đoàn Khoáng sản Á Cường
21,ACS,Công ty Cổ phần Xây lắp Thương mại 2
22,ACV,Tổng Công ty Cảng Hàng không Việt Nam - CTCP
23,ADC,Công ty Cổ phần Mĩ thuật và Truyền thông
24,ADG,Công ty Cổ phần Clever Group
25,ADP,Công ty Cổ phần Sơn Á Đông
26,ADS,Công ty Cổ phần DAMSAN
27,AFX,Công ty Cổ phần Xuất Nhập khẩu Nông sản Thực phẩm An Giang
28,AG1,Công ty Cổ phần 28.1
29,AGE,Công ty Cổ phần Môi trường Đô thị An Giang
30,AGF,Công ty Cổ phần Xuất nhập khẩu Thủy sản An Giang
31,AGG,Công ty Cổ phần Đầu tư và Phát triển Bất động sản An Gia
32,AGM,Công ty Cổ phần Xuất nhập khẩu An Giang
33,AGP,Công ty Cổ phần Dược phẩm AGIMEXPHARM
34,AGR,Công ty Cổ phần Chứng khoán AGRIBANK
35,AGX,Công ty Cổ phần Thực phẩm Nông sản Xuất khẩu Sài Gòn
36,AIC,Tổng Công ty Cổ phần Bảo hiểm Hàng không
37,AIG,Công ty Cổ phần Nguyên liệu Á Châu AIG
38,ALT,Công ty Cổ phần Văn hóa Tân Bình
39,ALV,Công ty Cổ phần Xây dựng ALVICO
40,AMC,Công ty Cổ phần Khoáng sản Á Châu
41,AMD,Công ty Cổ phần Đầu tư và Khoáng sản FLC Stone
42,AME,Công ty cổ phần Alphanam E&C
43,AMP,Công ty Cổ phần Armephaco
44,AMS,Công ty Cổ phần Cơ khí Xây dựng AMECC
45,AMV,Công ty Cổ phần Sản xuất Kinh doanh Dược và Trang thiết bị Y tế Việt Mỹ
46,ANT,Công ty Cổ phần Rau quả Thực phẩm An Giang
47,ANV,Công ty Cổ phần Nam Việt
48,APC,Công ty Cổ phần Chiếu xạ An Phú
49,APF,Công ty Cổ phần Nông sản Thực phẩm Quảng Ngãi
50,APG,Công ty Cổ phần Chứng khoán APG
51,APH,Công ty Cổ phần Tập đoàn An Phát Holdings
52,API,Công ty Cổ phần Đầu tư Châu Á - Thái Bình Dương
53,APL,Công ty Cổ phần Cơ khí và Thiết bị áp lực - VVMI
54,APP,Công ty Cổ phần Phát triển Phụ gia và Sản phẩm dầu mỏ
55,APS,Công ty Cổ phần Chứng khoán Châu Á - Thái Bình Dương
56,APT,Công ty Cổ phần Kinh doanh thủy hải sản Sài Gòn
57,ARM,Công ty Cổ phần Xuất nhập khẩu Hàng không
58,ART,Công ty Cổ phần Chứng khoán BOS
59,ASA,Công ty Cổ phần ASA
60,ASG,Công ty Cổ phần Tập đoàn ASG
61,ASM,Công ty Cổ phần Tập đoàn Sao Mai
62,ASP,Công ty Cổ phần Tập đoàn Dầu khí An Pha
63,AST,Công ty Cổ phần Dịch vụ Hàng không Taseco
64,ATA,Công ty Cổ phần NTACO
65,ATB,Công ty Cổ phần An Thịnh
66,ATG,Công ty Cổ phần An Trường An
67,ATP,Công ty Cổ phần Thương mại và Dịch vụ An Thành
68,ATS,Công ty Cổ phần Tập đoàn Dược phẩm Atesco
69,AVC,Công ty Cổ phần Thủy điện A Vương
70,AVF,Công ty Cổ phần Việt An
71,AVG,Công ty Cổ phần Phân Bón Quốc Tế Âu Việt
72,B82,Công ty Cổ phần 482
73,BAB,Ngân hàng Thương mại Cổ phần Bắc Á
74,BAF,Công ty Cổ phần Nông nghiệp BAF Việt Nam
75,BAL,Công ty Cổ phần Bao bì Bia - Rượu - Nước giải khát
76,BAX,Công ty Cổ phần Thống Nhất
77,BBC,Công ty Cổ phần Bibica
78,BBH,Công ty Cổ phần Bao bì Hoàng Thạch
79,BBM,Công ty Cổ phần Bia Hà Nội - Nam Định
80,BBS,Công ty Cổ phần VICEM Bao bì Bút Sơn
81,BBT,Công ty Cổ phần Bông Bạch Tuyết
82,BCA,Công ty cổ phần B.C.H
83,BCB,Công ty Cổ phần 397
84,BCC,Công ty Cổ phần Xi măng Bỉm Sơn
85,BCE,Công ty Cổ phần Xây dựng và Giao thông Bình Dương
86,BCF,Công ty Cổ phần Thực phẩm Bích Chi
87,BCG,Công ty Cổ phần Tập đoàn Bamboo Capital
88,BCH,Công ty Cổ phần Tập đoàn Dược Bảo Châu
89,BCM,Tổng Công ty Đầu tư và Phát triển Công nghiệp - CTCP
90,BCO,Công ty Cổ phần Xây dựng Bình Phước
91,BCP,Công ty Cổ phần Dược Enlie
92,BCR,Công ty Cổ phần BCG Land
93,BCV,Công ty cổ phần Du lịch và Thương mại Bằng Giang Cao Bằng - Vimico
94,BDB,Công ty Cổ phần Sách và Thiết bị Bình Định
95,BDG,Công ty Cổ phần May mặc Bình Dương
96,BDT,Công ty Cổ phần Xây lắp và Vật liệu xây dựng Đồng Tháp
97,BDW,Công ty Cổ phần Cấp thoát nước Bình Định
98,BED,Công ty Cổ phần Sách và Thiết bị trường học Đà Nẵng
99,BEL,Công ty Cổ phần Điện tử Biên Hòa
100,BFC,Công ty Cổ phần Phân bón Bình Điền
101,BGE,Công ty Cổ phần BCG Energy
102,BGT,Công ty Cổ phần Công trình giao thông tỉnh Bà Rịa - Vũng Tàu
103,BGW,Công ty Cổ phần Nước sạch Bắc Giang
104,BHA,Công ty cổ phần Thủy điện Bắc Hà
105,BHC,Công ty Cổ phần Bê tông Biên Hòa
106,BHG,Công ty Cổ phần Chè Biển Hồ
107,BHI,Tổng Công ty Cổ phần Bảo hiểm Sài Gòn - Hà Nội
108,BHK,Công ty Cổ phần Bia Hà Nội - Kim Bài
109,BHN,Tổng Công ty Cổ phần Bia - Rượu - Nước giải khát Hà Nội
110,BHP,Công ty Cổ phần Bia Hà Nội - Hải Phòng
111,BIC,Tổng Công ty Cổ phần Bảo hiểm Ngân hàng Đầu tư và Phát triển Việt Nam
112,BID,Ngân hàng Thương mại Cổ phần Đầu tư và Phát triển Việt Nam
113,BIG,Công ty cổ phần BIG Invest Group
114,BII,Công ty Cổ phần Đầu tư và Phát triển Công nghiệp Bảo Thư
115,BIO,Công ty Cổ phần Vắc xin và Sinh phẩm Nha Trang
116,BKC,Công ty Cổ phần Khoáng sản Bắc Kạn
117,BKG,Công ty Cổ phần Đầu tư BKG Việt Nam
118,BKH,Công ty Cổ phần Bánh mứt kẹo Hà Nội
119,BLF,Công ty Cổ phần Thủy sản Bạc Liêu
120,BLI,Tổng Công ty Cổ phần Bảo hiểm Bảo Long
121,BLN,Công ty Cổ phần Vận tải và Dịch vụ Liên Ninh
122,BLT,Công ty Cổ phần Lương thực Bình Định
123,BLW,Công ty Cổ phần Cấp nước Bạc Liêu
124,BMC,Công ty Cổ phần Khoáng sản Bình Định
125,BMD,Công ty Cổ phần Môi trường và Dịch vụ Đô thị Bình Thuận
126,BMF,Công ty Cổ phần Vật liệu Xây dựng và Chất đốt Đồng Nai
127,BMG,Công ty Cổ phần May Bình Minh
128,BMI,Tổng Công ty Cổ phần Bảo Minh
129,BMJ,Công ty Cổ phần Khoáng sản Miền Đông AHP
130,BMK,Công ty Cổ Phần Kỹ thuật Nhiệt Mèo Đen
131,BMN,Công ty Cổ phần 715
132,BMP,Công ty Cổ phần Nhựa Bình Minh
133,BMS,Công ty Cổ phần Chứng khoán Bảo Minh
134,BMV,Công ty Cổ phần Bột mỳ Vinafood 1
135,BNA,Công ty Cổ phần Đầu tư Sản xuất Bảo Ngọc
136,BNW,Công ty Cổ phần Nước sạch Bắc Ninh
137,BOT,Công ty Cổ phần BOT Cầu Thái Hà
138,BPC,Công ty Cổ phần Vicem Bao bì Bỉm Sơn
139,BQB,Công ty Cổ phần Bia Hà Nội - Quảng Bình
140,BRC,Công ty Cổ phần Cao su Bến Thành
141,BRR,Công ty Cổ phần Cao su Bà Rịa
142,BRS,Công ty Cổ phần Dịch vụ Đô thị Bà Rịa
143,BSA,Công ty Cổ phần Thủy điện Buôn Đôn
144,BSC,Công ty Cổ phần Dịch vụ Bến Thành
145,BSD,"Công ty Cổ phần Bia, Rượu Sài Gòn - Đồng Xuân"
146,BSG,Công ty Cổ phần Xe khách Sài Gòn
147,BSH,Công ty Cổ phần Bia Sài Gòn - Hà Nội
148,BSI,Công ty Cổ phần Chứng khoán BIDV
149,BSL,Công ty Cổ phần Bia Sài Gòn - Sông Lam
150,BSP,Công ty Cổ phần Bia Sài Gòn - Phú Thọ
151,BSQ,Công ty Cổ phần Bia Sài Gòn - Quảng Ngãi
152,BSR,Công ty Cổ phần Lọc Hóa dầu Bình Sơn
153,BST,Công ty Cổ phần Sách và Thiết bị Bình Thuận
154,BT1,Công ty Cổ phần Bảo vệ thực vật 1 Trung ương
155,BT6,Công ty Cổ phần BETON 6
156,BTB,Công ty Cổ phần Bia Hà Nội - Thái Bình
157,BTD,Công ty Cổ phần Bê tông ly tâm Thủ Đức
158,BTG,Công ty Cổ phần Bao bì Tiền Giang
159,BTH,Công ty Cổ phần Chế tạo Biến thế và Vật liệu Điện Hà Nội
160,BTN,Công ty Cổ phần Đầu tư Bitco Bình Định
161,BTP,Công ty Cổ phần Nhiệt điện Bà Rịa
162,BTS,Công ty Cổ phần Xi măng VICEM Bút Sơn
163,BTT,Công ty Cổ phần Thương mại - Dịch vụ Bến Thành
164,BTU,Công ty Cổ phần Công trình Đô thị Bến Tre
165,BTV,Công ty Cổ phần Dịch vụ Du lịch Bến Thành
166,BTW,Công ty Cổ phần Cấp nước Bến Thành
167,BVB,Ngân hàng Thương mại Cổ phần Bản Việt
168,BVG,Công ty cổ phần Group Bắc Việt
169,BVH,Tập đoàn Bảo Việt
170,BVL,Công ty Cổ phần BV Land
171,BVN,Công ty Cổ phần Bông Việt Nam
172,BVS,Công ty Cổ phần Chứng khoán Bảo Việt
173,BWA,Công ty Cổ phần Cấp thoát nước và Xây dựng Bảo Lộc
174,BWE,Công ty Cổ phần - Tổng công ty Nước - Môi trường Bình Dương
175,BWS,Công ty Cổ phần Cấp Nước Bà Rịa - Vũng Tàu
176,BXH,Công ty Cổ phần VICEM Bao bì Hải Phòng
177,C12,Công ty Cổ phần Cầu 12
178,C21,Công ty Cổ phần Thế kỷ 21
179,C22,Công ty Cổ phần 22
180,C32,Công ty Cổ phần CIC39
181,C47,Công ty Cổ phần Xây dựng 47
182,C4G,Công ty Cổ phần Tập Đoàn Cienco4
183,C69,Công ty Cổ phần Xây dựng 1369
184,C92,Công ty Cổ phần Xây dựng và Đầu tư 492
185,CAB,Công ty Cổ phần Tổng Công ty Truyền hình Cáp Việt Nam
186,CAD,Công ty Cổ phần Chế biến và Xuất khẩu Thủy sản Cadovimex
187,CAF,Công ty Cổ phần Xuất nhập khẩu Nông Sản Thực Phẩm Cà Mau
188,CAG,Công ty Cổ phần Cảng An Giang
189,CAN,Công ty Cổ phần Đồ hộp Hạ Long
190,CAP,Công ty Cổ phần Lâm Nông sản Thực phẩm Yên Bái
191,CAR,Công ty cổ phần Tập đoàn Giáo dục Trí Việt
192,CAT,Công ty Cổ phần Thủy sản Cà Mau
193,CAV,Công ty CP Dây cáp điện Việt Nam
194,CBI,Công ty Cổ phần Gang thép Cao Bằng
195,CBS,Công ty Cổ phần Mía đường Cao Bằng
196,CBV,Công ty Cổ phần CTCBIO Việt Nam
197,CC1,Tổng Công ty Xây dựng số 1 - CTCP
198,CC4,Công ty Cổ phần Đầu tư và Xây dựng số 4
199,CCA,Công ty Cổ phần Xuất nhập khẩu Thủy sản Cần Thơ
200,CCC,Công ty Cổ Phần Xây Dựng CDC
201,CCD,Công ty Cổ phần Xây dựng và Bảo trì cầu đường
202,CCI,Công ty Cổ phần Đầu tư Phát triển Công nghiệp Thương mại Củ Chi
203,CCL,Công ty Cổ phần Đầu tư và Phát triển Đô thị Dầu khí Cửu Long
204,CCM,Công ty Cổ phần Khoáng sản và Xi măng Cần Thơ
205,CCP,Công ty Cổ phần Cảng Cửa Cấm Hải Phòng
206,CCR,Công ty Cổ phần Cảng Cam Ranh
207,CCS,Công ty Cổ phần Chíp Sáng
208,CCT,Công ty Cổ phần Cảng Cần Thơ
209,CCV,Công ty Cổ phần Tư vấn Xây dựng Công nghiệp và Đô thị Việt Nam
210,CDC,Công ty Cổ phần Chương Dương
211,CDG,Công ty Cổ phần Cầu Đuống
212,CDH,Công ty Cổ phần Công trình Công cộng và Dịch vụ Du lịch Hải Phòng
213,CDN,Công ty Cổ phần Cảng Đà Nẵng
214,CDO,Công ty Cổ phần Tư vấn Thiết kế và Phát triển Đô thị
215,CDP,Công ty Cổ phần Dược phẩm Trung ương Codupha
216,CDR,Công ty Cổ phần Xây dựng Cao su Đồng Nai
217,CE1,Công ty Cổ phần Xây dựng và Thiết bị Công nghiệp CIE1
218,CEG,Công ty Cổ phần Tập đoàn Xây dựng và Thiết bị Công nghiệp
219,CEN,Công ty Cổ phần CENCON Việt Nam
220,CEO,Công ty Cổ phần Tập đoàn C.E.O
221,CET,Công ty Cổ phần HTC Holding
222,CFM,Công ty Cổ phần Đầu tư CFM
223,CFV,Công ty Cổ phần Cà phê Thắng Lợi
224,CGV,Công ty Cổ phần Vinaceglass
225,CH5,Công ty Cổ phần Xây dựng số 5 Hà Nội
226,CHC,Công ty Cổ phần Cẩm Hà
227,CHP,Công ty Cổ phần Thủy điện Miền Trung
228,CHS,Công ty Cổ phần Chiếu sáng Công cộng Thành phố Hồ Chí Minh
229,CI5,Công ty Cổ phần Đầu tư Xây dựng số 5
230,CIA,Công ty Cổ Phần Dịch Vụ Sân Bay Quốc Tế Cam Ranh
231,CID,Công ty Cổ phần Xây dựng và Phát triển Cơ sở Hạ tầng
232,CIG,Công ty Cổ phần COMA 18
233,CII,Công ty Cổ phần Đầu tư Hạ tầng Kỹ thuật Thành phố Hồ Chí Minh
234,CIP,Công ty Cổ phần Xây lắp và Sản xuất Công nghiệp
235,CJC,Công ty Cổ phần Cơ điện Miền Trung
236,CK8,Công ty Cổ phần Cơ khí 120
237,CKA,Công ty Cổ phần Cơ khí An Giang
238,CKD,Công ty Cổ phần Cơ khí Đông Anh Licogi
239,CKG,Công ty Cổ phần Tập đoàn Tư vấn Đầu tư Xây dựng Kiên Giang
240,CKV,Công ty Cổ phần CokyVina
241,CLC,Công ty Cổ phần Cát Lợi
242,CLG,Công ty Cổ phần Đầu tư và Phát triển Nhà đất Cotec
243,CLH,Công ty Cổ phần Xi măng La Hiên VVMI
244,CLL,Công ty Cổ phần Cảng Cát Lái
245,CLM,Công ty Cổ phần Xuất nhập khẩu Than - Vinacomin
246,CLW,Công ty Cổ phần Cấp nước Chợ Lớn
247,CLX,Công ty Cổ phần Xuất nhập khẩu và Đầu tư Chợ Lớn (CHOLIMEX)
248,CMC,Công ty Cổ phần Đầu tư CMC
249,CMD,Công ty Cổ phần Vật liệu xây dựng và Trang trí nội thất TP Hồ Chí Minh
250,CMF,Công ty Cổ phần Thực phẩm Cholimex
251,CMG,Công ty Cổ phần Tập đoàn Công nghệ CMC
252,CMI,Công ty Cổ phần CMISTONE Việt Nam
253,CMK,Công ty Cổ phần Cơ khí Mạo Khê - Vinacomin
254,CMM,Công ty Cổ phần Camimex
255,CMN,Công ty Cổ phần Lương thực Thực phẩm Colusa - Miliket
256,CMP,Công ty Cổ phần Cảng Chân Mây
257,CMS,Công ty Cổ phần Tập đoàn CMH Việt Nam
258,CMT,Công ty Cổ phần Công nghệ mạng và Truyền thông
259,CMV,Công ty Cổ phần Thương nghiệp Cà Mau
260,CMW,Công ty Cổ phần Cấp nước Cà Mau
261,CMX,Công ty Cổ phần CAMIMEX Group
262,CNA,Công ty Cổ phần Tổng công ty Chè Nghệ An
263,CNC,Công ty Cổ phần Công nghệ cao Traphaco
264,CNG,Công ty Cổ phần CNG Việt Nam
265,CNN,"Công ty Cổ phần Tư vấn Công nghệ, Thiết bị và Kiểm định Xây dựng - CONINCO"
266,CNT,Công ty Cổ phần Tập đoàn CNT
267,COM,Công ty Cổ phần Vật tư Xăng dầu
268,CPA,Công ty Cổ phần Cà phê Phước An
269,CPC,Công ty Cổ phần Thuốc sát trùng Cần Thơ
270,CPH,Công ty Cổ phần Phục vụ Mai táng Hải Phòng
271,CPI,Công ty Cổ phần Đầu tư Cảng Cái Lân
272,CQN,Công ty Cổ phần Cảng Quảng Ninh
273,CQT,Công ty Cổ phần Xi măng Quán Triều VVMI
274,CRC,Công ty Cổ phần Create Capital Việt Nam
275,CRE,Công ty Cổ phần Bất động sản Thế Kỷ
276,CRV,Công ty cổ phần Tập đoàn Bất động sản CRV
277,CSC,Công ty Cổ phần Tập đoàn COTANA
278,CSI,Công ty Cổ phần Chứng khoán Kiến thiết Việt Nam
279,CSM,Công ty Cổ phần Công nghiệp Cao su Miền Nam
280,CST,Công ty Cổ phần Than Cao Sơn - TKV
281,CSV,Công ty Cổ phần Hóa chất Cơ bản miền Nam
282,CT3,Công ty Cổ phần Đầu tư và Xây dựng công trình 3
283,CT6,Công ty Cổ phần Công trình 6
284,CTA,Công ty Cổ phần Vinavico
285,CTB,Công ty Cổ phần Chế tạo Bơm Hải Dương
286,CTC,Công ty Cổ phần Tập đoàn Hoàng Kim Tây Nguyên
287,CTD,Công ty Cổ phần Xây dựng Coteccons
288,CTF,Công ty Cổ phần City Auto
289,CTG,Ngân hàng Thương mại Cổ phần Công thương Việt Nam
290,CTI,Công ty Cổ phần Đầu tư Phát triển Cường Thuận IDICO
291,CTN,Công ty Cổ phần Xây dựng Công trình ngầm
292,CTP,Công ty Cổ phần Minh Khang Capital Trading Public
293,CTR,Tổng Công ty Cổ phần Công trình Viettel
294,CTS,Công ty Cổ phần Chứng khoán Ngân hàng Công thương Việt Nam
295,CTT,Công ty Cổ phần Chế tạo máy Vinacomin
296,CTW,Công ty Cổ phần Cấp thoát nước Cần Thơ
297,CTX,Tổng Công ty Cổ phần Đầu tư Xây dựng và Thương mại Việt Nam
298,CVN,Công ty Cổ phần Vinam
299,CVT,Công ty Cổ phần CMC
300,CX8,Công ty Cổ phần Đầu tư và Xây lắp Constrexim số 8
301,CYC,Công ty Cổ phần Gạch men Chang Yih
302,D11,Công ty Cổ phần Địa ốc 11
303,D2D,Công ty Cổ phần Phát triển Đô thị Công nghiệp số 2
304,DAC,Công ty Cổ phần 382 Đông Anh
305,DAD,Công ty Cổ phần Đầu tư và Phát triển Giáo dục Đà Nẵng
306,DAE,Công ty Cổ phần Sách Giáo dục tại Thành phố Đà Nẵng
307,DAG,Công ty Cổ phần Tập đoàn Nhựa Đông Á
308,DAH,Công ty Cổ phần Tập đoàn Khách sạn Đông Á
309,DAN,Công ty Cổ phần Dược Danapha
310,DAS,Công ty Cổ phần Máy - Thiết bị Dầu khí Đà Nẵng
311,DAT,Công ty Cổ phần Đầu tư Du lịch và Phát triển Thủy sản
312,DBC,Công ty Cổ phần Tập đoàn Dabaco Việt Nam
313,DBD,Công ty Cổ phần Dược - Trang thiết bị y tế Bình Định
314,DBM,Công ty Cổ phần Dược - Vật tư Y tế Đắk Lắk
315,DBT,Công ty Cổ phần Dược phẩm Bến Tre
316,DC1,Công ty Cổ phần Đầu tư Phát triển Xây dựng số 1
317,DC2,Công ty Cổ phần Đầu tư Phát triển - Xây dựng (DIC) số 2
318,DC4,Công ty Cổ phần Xây dựng DIC Holdings
319,DCF,Công ty Cổ phần Xây dựng và Thiết kế số 1
320,DCG,Công ty Cổ phần Tổng Công ty May Đáp Cầu
321,DCH,Công ty Cổ phần Địa chính Hà Nội
322,DCL,Công ty Cổ phần Dược phẩm Cửu Long
323,DCM,Công ty Cổ phần Phân bón Dầu Khí Cà Mau
324,DCR,Công ty Cổ phần Gạch men COSEVCO
325,DCS,Công ty Cổ phần Tập đoàn Đại Châu
326,DCT,Công ty Cổ phần Tấm lợp Vật liệu Xây dựng Đồng Nai
327,DDB,Công ty Cổ Phần Thương Mại Và Xây Dựng Đông Dương
328,DDG,Công ty Cổ phần Đầu tư Công nghiệp Xuất nhập khẩu Đông Dương
329,DDH,Công ty Cổ phần Đảm bảo giao thông đường thủy Hải Phòng
330,DDM,Công ty Cổ phần Hàng hải Đông Đô
331,DDN,Công ty Cổ phần Dược - Thiết bị y tế Đà Nẵng
332,DDV,Công ty Cổ phần DAP - Vinachem
333,DFC,Công ty Cổ phần Xích líp Đông Anh
334,DFF,Công ty Cổ phần Tập đoàn Đua Fat
335,DGC,Công ty Cổ phần Tập đoàn Hóa chất Đức Giang
336,DGT,Công ty Cổ phần Công trình Giao thông Đồng Nai
337,DGW,Công ty Cổ phần Thế Giới Số
338,DHA,Công ty Cổ phần Hóa An
339,DHB,Công ty Cổ phần Phân đạm và Hóa chất Hà Bắc
340,DHC,Công ty Cổ phần Đông Hải Bến Tre
341,DHD,Công ty Cổ phần Dược Vật Tư Y Tế Hải Dương
342,DHG,Công ty Cổ phần Dược Hậu Giang
343,DHM,Công ty Cổ phần Thương mại & Khai thác Khoáng sản Dương Hiếu
344,DHN,Công ty Cổ phần Dược phẩm Hà Nội
345,DHP,Công ty Cổ phần Điện cơ Hải Phòng
346,DHQ,Công ty Cổ phần Duyên hải Quảng Ninh
347,DHT,Công ty Cổ phần Dược phẩm Hà Tây
348,DIC,Công ty Cổ phần Đầu tư và Thương mại DIC
349,DID,Công ty Cổ phần DIC - Đồng Tiến
350,DIG,Tổng Công ty Cổ phần Đầu tư Phát triển Xây dựng
351,DIH,Công ty Cổ phần Đầu tư Phát triển Xây dựng - Hội An
352,DKC,Công ty Cổ phần Chợ Lạng Sơn
353,DKG,Công ty Cổ Phần Vôi Công Nghiệp DLH
354,DKW,Công ty Cổ phần Cấp nước sinh hoạt Châu Thành
355,DL1,Công ty Cổ phần Tập đoàn Alpha Seven
356,DLD,Công ty Cổ phần Du lịch Đắk Lắk
357,DLG,Công ty Cổ phần Tập đoàn Đức Long Gia Lai
358,DLM,Công ty Cổ phần Chiếu sáng công cộng Đà Nẵng
359,DLR,Công ty Cổ phần Địa ốc Đà Lạt
360,DLT,Công ty Cổ phần Du lịch và Thương mại - Vinacomin
361,DM7,Công ty Cổ phần Dệt may 7
362,DMC,Công ty Cổ phần Xuất nhập khẩu Y tế DOMESCO
363,DMH,Công ty Cổ phần Dược Minh Hải
364,DMN,Công ty Cổ phần Domenal
365,DMS,Công ty Cổ phần Hóa phẩm dầu khí DMC - Miền Nam
366,DNA,Công ty Cổ phần Điện nước An Giang
367,DNC,Công ty Cổ phần Điện nước Lắp máy Hải Phòng
368,DND,Công ty Cổ phần Đầu tư Xây dựng và Vật liệu Đồng Nai
369,DNE,Công ty Cổ phần Môi trường Đô thị Đà Nẵng
370,DNH,Công ty Cổ phần Thủy điện Đa Nhim - Hàm Thuận - Đa Mi
371,DNL,Công ty Cổ phần Logistics Cảng Đà Nẵng
372,DNM,Tổng Công ty Cổ phần Y tế Danameco
373,DNN,Công ty Cổ phần Cấp nước Đà Nẵng
374,DNP,Công ty Cổ phần DNP Holding
375,DNT,Công ty Cổ phần Du lịch Đồng Nai
376,DNW,Công ty Cổ phần Cấp nước Đồng Nai
377,DO3,Công ty Cổ phần Xây dựng và Kinh doanh Địa ốc III
378,DOC,Công ty Cổ phần Vật tư nông nghiệp Đồng Nai
379,DOP,Công ty Cổ phần Vận tải Xăng dầu Đồng Tháp
380,DP1,Công ty Cổ phần Dược phẩm Trung ương CPC1
381,DP2,Công ty Cổ phần Dược phẩm Trung ương 2
382,DP3,Công ty Cổ Phần Dược Phẩm Trung Ương 3
383,DPC,Công ty Cổ phần Nhựa Đà Nẵng
384,DPG,Công ty Cổ phần Tập đoàn Đạt Phương
385,DPH,Công ty Cổ phần Dược phẩm Hải Phòng
386,DPM,Tổng Công ty Phân bón và Hóa chất Dầu khí - Công ty Cổ phần
387,DPP,Công ty Cổ phần Dược Đồng Nai
388,DPR,Công ty Cổ phần Cao su Đồng Phú
389,DPS,Công ty Cổ phần Đầu tư Phát triển Sóc Sơn
390,DQC,Công ty Cổ phần Tập đoàn Điện Quang
391,DRC,Công ty Cổ phần Cao su Đà Nẵng
392,DRG,Công ty Cổ phần Cao su Đắk Lắk
393,DRH,Công ty Cổ phần DRH Holdings
394,DRI,Công ty Cổ phần Đầu tư Cao su Đắk Lắk
395,DRL,Công ty Cổ phần Thủy điện - Điện lực 3
396,DS3,Công ty Cổ phần DS3
397,DSC,Công ty Cổ phần Chứng khoán DSC
398,DSD,Công ty cổ phần DHC Suối Đôi
399,DSE,Công ty Cổ phần Chứng khoán DNSE
400,DSG,Công ty Cổ phần Kính Đáp Cầu
401,DSN,Công ty Cổ phần Công viên nước Đầm Sen
402,DSP,Công ty Cổ phần Dịch vụ Du lịch Phú Thọ
403,DST,Công ty Cổ phần Đầu tư Sao Thăng Long
404,DSV,Công ty Cổ phần Đường sắt Vĩnh Phú
405,DTA,Công ty Cổ phần Đệ Tam
406,DTB,Công ty Cổ phần Công trình Đô thị Bảo Lộc
407,DTC,Công ty Cổ phần Viglacera Đông Triều
408,DTD,Công ty Cổ phần Đầu tư Phát triển Thành Đạt
409,DTE,Công ty Cổ phần Đầu tư Năng lượng Đại Trường Thành Holdings
410,DTG,Công ty Cổ phần Dược phẩm Tipharco
411,DTH,Công ty Cổ phần Dược - Vật tư Y tế Thanh Hóa
412,DTI,Công ty Cổ phần Đầu tư Đức Trung
413,DTK,Tổng Công ty Điện lực TKV - Công ty Cổ phần
414,DTL,Công ty Cổ phần Đại Thiên Lộc
415,DTP,Công ty Cổ phần Dược phẩm CPC1 Hà Nội
416,DTT,Công ty Cổ phần Kỹ nghệ Đô Thành
417,DTV,Công ty Cổ phần Phát triển điện Trà Vinh
418,DUS,Công ty Cổ phần Dịch vụ Đô thị Đà Lạt
419,DVC,Công ty Cổ phần Thương mại dịch vụ Tổng Hợp Cảng Hải Phòng
420,DVG,Công ty Cổ phần Đại Việt Group DVG
421,DVM,Công ty Cổ phần Dược liệu Việt Nam
422,DVN,Tổng Công ty Dược Việt Nam - CTCP
423,DVP,Công ty Cổ phần Đầu tư và Phát triển Cảng Đình Vũ
424,DVW,Công ty Cổ phần Dịch vụ và Xây dựng cấp nước Đồng Nai
425,DWC,Công ty Cổ phần Cấp nước Đắk Lắk
426,DWS,Công ty Cổ phần Cấp nước và Môi trường Đô thị Đồng Tháp
427,DXG,Công ty Cổ phần Tập đoàn Đất Xanh
428,DXL,Công ty Cổ phần Du lịch và Xuất nhập khẩu Lạng Sơn
429,DXP,Công ty Cổ phần Cảng Đoạn Xá
430,DXS,Công ty Cổ phần Dịch vụ Bất động sản Đất Xanh
431,DXV,Công ty Cổ phần VICEM Vật liệu Xây dựng Đà Nẵng
432,DZM,Công ty Cổ phần Cơ điện Dzĩ An
433,E12,Công ty Cổ phần Xây Dựng Điện VNECO 12
434,E29,Công ty cổ phần Đầu tư Xây dựng và Kỹ thuật 29
435,EBS,Công ty Cổ phần Sách Giáo dục tại Thành phố Hà Nội
436,ECI,Công ty Cổ phần Tập đoàn ECI
437,ECO,Công ty Cổ Phần Nhựa Sinh Thái Việt Nam
438,EFI,Công ty Cổ phần Đầu tư Tài chính Giáo dục
439,EGL,Công ty Cổ Phần Môi Trường Đô Thị Gia Lâm
440,EIB,Ngân hàng Thương mại Cổ phần Xuất nhập khẩu Việt Nam
441,EIC,Công ty Cổ phần EVN Quốc Tế
442,EID,Công ty Cổ phần Đầu tư và Phát triển Giáo dục Hà Nội
443,EIN,Công ty Cổ phần Đầu tư - Thương Mại - Dịch vụ Điện lực
444,ELC,Công ty Cổ phần Công nghệ - Viễn thông ELCOM
445,EME,Công ty Cổ phần Điện Cơ
446,EMG,Công ty Cổ phần Thiết bị Phụ tùng Cơ điện
447,EMS,Tổng Công ty Chuyển phát nhanh Bưu điện - Công ty Cổ phần
448,EPC,Công ty Cổ phần Cà Phê Ea Pốk
449,EPH,Công ty Cổ phần Dịch vụ Xuất bản Giáo dục Hà Nội
450,ESL,Công ty Cổ phần Tiếp vận Đông Sài Gòn
451,EVE,Công ty Cổ phần Everpia
452,EVF,Công ty Tài chính Cổ phần Điện Lực
453,EVG,Công ty Cổ phần Tập đoàn Everland
454,EVS,Công ty Cổ phần Chứng khoán Everest
455,FBA,Công ty Cổ phần Tập đoàn Quốc tế FBA
456,FBC,Công ty Cổ phần Cơ khí Phổ Yên
457,FCC,Công ty Cổ phần Liên hợp Thực phẩm
458,FCM,Công ty Cổ phần Khoáng sản FECON
459,FCN,Công ty Cổ phần FECON
460,FCS,Công ty Cổ phần Lương thực Thành phố Hồ Chí Minh
461,FDC,Công ty Cổ phần Ngoại thương và Phát triển Đầu tư Thành phố Hồ Chí Minh
462,FGL,Công ty Cổ phần Cà phê Gia Lai
463,FHH,Công ty Cổ phần Đầu tư Kinh doanh Phát triển Bất động sản FLCHomes
464,FHN,Công ty Cổ phần Xuất nhập khẩu Lương thực - Thực phẩm Hà Nội
465,FHS,Công ty Cổ phần Phát hành sách Thành phố Hồ Chí Minh - FAHASA
466,FIC,Tổng Công ty Vật liệu Xây dựng số 1 - Công ty Cổ phần
467,FID,Công ty Cổ phần Đầu tư và Phát triển Doanh nghiệp Việt Nam
468,FIR,Công ty Cổ phần Địa ốc First Real
469,FIT,Công ty Cổ phần Tập đoàn F.I.T
470,FLC,Công ty Cổ phần Tập đoàn FLC
471,FMC,Công ty Cổ phần Thực phẩm Sao Ta
472,FOC,Công ty Cổ phần Dịch vụ Trực tuyến FPT
473,FOX,Công ty Cổ phần Viễn thông FPT
474,FPT,Công ty Cổ phần FPT
475,FRC,Công ty Cổ phần Lâm đặc sản xuất khẩu Quảng Nam
476,FRM,Công ty Cổ phần Lâm nghiệp Sài Gòn
477,FRT,Công ty Cổ phần Bán lẻ Kỹ thuật số FPT
478,FSO,Công ty Cổ phần Cơ khí đóng tàu thủy sản Việt Nam
479,FT1,Công ty Cổ phần Phụ tùng máy số 1
480,FTI,Công ty Cổ phần Công nghiệp - Thương mại Hữu Nghị
481,FTM,Công ty Cổ phần Đầu tư và Phát triển Đức Quân
482,FTS,Công ty Cổ phần Chứng khoán FPT
483,FVN,Công ty Cổ phần Thiết kế và Công nghệ Việt Nam
484,G20,Công ty Cổ phần Đầu tư Dệt may Vĩnh Phúc
485,G30,Công ty Cổ phần Gạch ngói 30-4
486,G36,Tổng Công ty 36 - Công ty Cổ phần
487,GAB,Công ty Cổ phần Đầu tư Khai khoáng & Quản lý Tài sản FLC
488,GAS,Tổng Công ty Khí Việt Nam - Công ty Cổ phần
489,GCB,Công ty Cổ phần PETEC Bình Định
490,GCF,Công ty Cổ phần Thực phẩm G.C
491,GDA,Công ty Cổ phần Tôn Đông Á
492,GDT,Công ty Cổ phần Chế biến Gỗ Đức Thành
493,GDW,Công ty Cổ phần Cấp nước Gia Định
494,GEE,Công ty Cổ phần Điện lực Gelex
495,GEG,Công ty Cổ phần Điện Gia Lai
496,GER,Công ty Cổ phần Thể thao Ngôi sao Geru
497,GEX,Công ty Cổ phần Tập đoàn Gelex
498,GGG,Công ty Cổ phần Ô tô Giải Phóng
499,GH3,Công ty Cổ phần Công trình giao thông Hà Nội
500,GHC,Công ty Cổ phần Thủy điện Gia Lai
501,GIC,Công ty Cổ phần Đầu tư Dịch vụ và Phát triển Xanh
502,GIL,Công ty Cổ phần Sản xuất Kinh doanh Xuất nhập khẩu Bình Thạnh
503,GKM,Công ty Cổ phần GKM Holdings
504,GLC,Công ty Cổ phần Vàng Lào Cai
505,GLT,Công ty Cổ phần Kỹ thuật điện Toàn Cầu
506,GLW,Công ty Cổ phần Cấp thoát nước Gia Lai
507,GMA,Công ty Cổ phần G-Automobile
508,GMC,Công ty Cổ phần Garmex Sài Gòn
509,GMD,Công ty Cổ phần Gemadept
510,GMH,Công ty Cổ phần Minh Hưng Quảng Trị
511,GMX,Công ty Cổ phần Gạch ngói Gốm xây dựng Mỹ Xuân
512,GND,Công ty Cổ phần Gạch ngói Đồng Nai
513,GPC,Công ty Cổ phần Tập đoàn Green+
514,GSM,Công ty Cổ phần Thủy điện Hương Sơn
515,GSP,Công ty Cổ phần Vận tải Sản phẩm Khí Quốc tế
516,GTA,Công ty Cổ phần Chế biến Gỗ Thuận An
517,GTD,Công ty Cổ phần Giầy Thượng Đình
518,GTS,Công ty Cổ phần Công trình Giao thông Sài Gòn
519,GTT,Công ty Cổ phần Thuận Thảo
520,GVR,Tập đoàn Công nghiệp Cao su Việt Nam - Công ty Cổ phần
521,GVT,Công ty Cổ phần Giấy Việt Trì
522,H11,Công ty Cổ phần Xây dựng HUD101
523,HAC,Công ty Cổ phần Chứng khoán Hải Phòng
524,HAD,Công ty Cổ phần Bia Hà Nội - Hải Dương
525,HAF,Công ty Cổ phần Thực phẩm Hà Nội
526,HAG,Công ty Cổ phần Hoàng Anh Gia Lai
527,HAH,Công ty Cổ phần Vận tải và Xếp dỡ Hải An
528,HAI,Công ty Cổ phần Nông dược HAI
529,HAM,Công ty Cổ phần Vật tư Hậu Giang
530,HAN,Tổng Công ty Xây dựng Hà Nội - CTCP
531,HAP,Công ty Cổ phần Tập Đoàn Hapaco
532,HAR,Công ty Cổ phần Đầu tư Thương mại Bất động sản An Dương Thảo Điền
533,HAS,Công ty Cổ phần Hacisco
534,HAT,Công ty Cổ phần Thương mại Bia Hà Nội
535,HAV,Công ty Cổ phần Rượu Hapro
536,HAX,Công ty Cổ phần Dịch vụ Ô tô Hàng Xanh
537,HBC,Công ty Cổ phần Tập đoàn Xây dựng Hòa Bình
538,HBD,Công ty Cổ phần Bao bì PP Bình Dương
539,HBH,Công ty Cổ phần HABECO - Hải Phòng
540,HBS,Công ty Cổ phần Chứng khoán Hòa Bình
541,HC1,Công ty Cổ phần Xây dựng số 1 Hà Nội
542,HC3,Công ty Cổ phần Xây dựng số 3 Hải Phòng
543,HCB,Công ty Cổ phần Dệt may 29/3
544,HCC,Công ty Cổ phần Bê tông Hòa Cầm - Intimex
545,HCD,Công ty Cổ phần Đầu tư Sản xuất và Thương mại HCD
546,HCI,Công ty Cổ phần Đầu tư - Xây dựng Hà Nội
547,HCM,Công ty Cổ phần Chứng khoán Thành phố Hồ Chí Minh
548,HCO,Công ty Cổ phần Bánh kẹo Hải Châu
549,HCT,Công ty Cổ phần Thương mại - Dịch vụ - Vận tải Xi măng Hải Phòng
550,HD2,Công ty Cổ phần Đầu tư phát triển nhà HUD2
551,HD6,Công ty Cổ phần Đầu tư và Phát triển nhà số 6 Hà Nội
552,HD8,Công ty Cổ phần Đầu tư Phát triển Nhà và Đô thị HUD8
553,HDA,Công ty Cổ phần Hãng sơn Đông Á
554,HDB,Ngân hàng Thương mại Cổ phần Phát Triển Thành phố Hồ Chí Minh
555,HDC,Công ty Cổ phần Phát triển Nhà Bà Rịa Vũng Tàu
556,HDG,Công ty Cổ phần Tập đoàn Hà Đô
557,HDM,Công ty Cổ phần Dệt May Huế
558,HDO,Công ty Cổ phần Hưng Đạo Container
559,HDP,Công ty Cổ phần Dược Hà Tĩnh
560,HDS,Công ty Cổ phần Giống cây trồng Hải Dương
561,HDW,Công ty Cổ phần Kinh doanh Nước sạch Hải Dương
562,HEC,Công ty Cổ phần Tư vấn xây dựng Thủy Lợi II
563,HEJ,Tổng Công ty Tư vấn Xây dựng Thủy Lợi Việt Nam - CTCP
564,HEM,Công ty Cổ phần Chế tạo Điện cơ Hà Nội
565,HEP,Công ty Cổ phần Môi trường và Công trình đô thị Huế
566,HES,Công ty Cổ phần Dịch vụ Giải trí Hà Nội
567,HEV,Công ty Cổ phần Sách Đại học - Dạy nghề
568,HFB,Công ty Cổ phần Công trình Cầu phà Thành phố Hồ Chí Minh
569,HFC,Công ty Cổ phần Xăng dầu HFC
570,HFX,Công ty Cổ phần Sản xuất - Xuất nhập khẩu Thanh Hà
571,HGM,Công ty Cổ phần Cơ khí và Khoáng sản Hà Giang
572,HGT,Công ty Cổ phần Du lịch Hương Giang
573,HGW,Công ty Cổ phần Cấp thoát nước - Công trình Đô thị Hậu Giang
574,HHC,Công ty Cổ phần Bánh kẹo Hải Hà
575,HHG,Công ty Cổ phần Hoàng Hà
576,HHI,Công ty Cổ phần Hoàng Hạc
577,HHN,Công ty Cổ phần Vận tải và Dịch vụ Hàng hóa Hà Nội
578,HHP,Công ty Cổ phần HHP Global
579,HHR,Công ty Cổ phần Đường sắt Hà Hải
580,HHS,Công ty Cổ phần Đầu tư Dịch vụ Hoàng Huy
581,HHV,Công ty Cổ phần Đầu tư Hạ tầng Giao thông Đèo Cả
582,HID,Công ty Cổ phần Halcom Vietnam
583,HIG,Công ty Cổ phần Tập đoàn HIPT
584,HII,Công ty Cổ phần An Tiến Industries
585,HIO,Công ty Cổ Phần Helio Energy
586,HJC,Công ty Cổ phần Hòa Việt
587,HJS,Công ty Cổ phần Thủy điện Nậm Mu
588,HKB,Công ty Cổ phần Nông nghiệp và Thực phẩm Hà Nội - Kinh Bắc
589,HKT,Công ty Cổ phần Đầu tư Ego Việt Nam
590,HLA,Công ty Cổ phần Hữu Liên Á Châu
591,HLB,Công ty Cổ phần Bia và Nước giải khát Hạ Long
592,HLC,Công ty Cổ phần Than Hà Lầm - Vinacomin
593,HLD,Công ty Cổ phần Đầu tư và Phát triển Bất động sản HUDLAND
594,HLO,Công Ty Cổ Phần Công Nghệ Ha Lô
595,HLR,Công ty Cổ phần Đường sắt Hà Lạng
596,HLS,Công ty Cổ phần Sứ kỹ thuật Hoàng Liên Sơn
597,HLT,Công ty Cổ phần Dệt may Hoàng Thị Loan
598,HLY,Công ty Cổ phần Gốm Xây Dựng Yên Hưng
599,HMC,Công ty Cổ phần Kim khí Thành phố Hồ Chí Minh - VNSTEEL
600,HMD,Công ty Cổ phần Hóa chất Minh Đức
601,HMG,Công ty Cổ phần Kim Khí Hà Nội - VNSTEEL
602,HMH,Công ty Cổ phần Hải Minh
603,HMR,Công ty cổ phần Đá Hoàng Mai
604,HMS,Công ty Cổ phần Xây dựng Bảo tàng Hồ Chí Minh
605,HNA,Công ty Cổ phần Thủy điện Hủa Na
606,HNB,Công ty Cổ phần Bến xe Hà Nội
607,HNC,Công ty Cổ phần Xi măng Hữu Nghị
608,HND,Công ty Cổ phần Nhiệt điện Hải Phòng
609,HNF,Công ty Cổ phần Thực phẩm Hữu Nghị
610,HNG,Công ty Cổ phần Nông nghiệp Quốc tế Hoàng Anh Gia Lai
611,HNI,Công ty Cổ phần May Hữu Nghị
612,HNM,Công ty Cổ phần Sữa Hà Nội
613,HNP,Công ty Cổ phần Hanel Xốp Nhựa
614,HNR,Công ty Cổ phần Rượu và Nước Giải Khát Hà Nội
615,HOM,Công ty Cổ phần Xi măng VICEM Hoàng Mai
616,HOT,Công ty Cổ phần Du lịch - Dịch vụ Hội An
617,HPB,Công ty Cổ phần Bao bì PP
618,HPD,Công ty Cổ phần Thủy điện Đăk Đoa
619,HPG,Công ty Cổ phần Tập đoàn Hòa Phát
620,HPH,Công ty Cổ phần Hóa Chất Hưng Phát Hà Bắc
621,HPI,Công ty Cổ phần Khu công nghiệp Hiệp Phước
622,HPM,Công ty Cổ phần Xây dựng Thương mại và Khoáng sản Hoàng Phúc
623,HPP,Công ty Cổ phần Sơn Hải Phòng
624,HPT,Công ty Cổ phần Dịch vụ Công nghệ Tin học HPT
625,HPW,Công ty Cổ phần Cấp nước Hải Phòng
626,HPX,Công ty Cổ phần Đầu tư Hải Phát
627,HQC,Công ty Cổ phần Tư vấn - Thương mại - Dịch vụ Địa ốc Hoàng Quân
628,HRB,Công ty Cổ phần Harec Đầu tư và Thương Mại
629,HRC,Công ty Cổ phần Cao su Hòa Bình
630,HRT,Công ty Cổ phần Vận tải đường sắt Hà Nội
631,HSA,Công ty Cổ phần HESTIA
632,HSG,Công ty Cổ phần Tập đoàn Hoa Sen
633,HSI,Công ty Cổ phần Vật tư Tổng hợp và Phân bón Hóa sinh
634,HSL,Công ty Cổ phần Đầu tư Phát triển Thực phẩm Hồng Hà
635,HSM,Tổng Công ty Cổ phần Dệt May Hà Nội
636,HSP,Công ty Cổ phần Sơn Tổng hợp Hà Nội
637,HSV,Công ty Cổ phần Tập đoàn HSV Việt Nam
638,HT1,Công ty Cổ phần Xi măng VICEM Hà Tiên
639,HT9,Công ty Cổ phần Phát triển hạ tầng 319
640,HTC,Công ty Cổ phần Thương mại Hóc Môn
641,HTE,Công ty Cổ phần Đầu tư Kinh doanh Điện lực Thành phố Hồ Chí Minh
642,HTG,Tổng Công ty Cổ phần Dệt may Hòa Thọ
643,HTI,Công ty Cổ phần Đầu tư Phát triển Hạ tầng IDICO
644,HTL,Công ty Cổ phần Kỹ thuật và Ô tô Trường Long
645,HTM,Tổng Công ty Thương mại Hà Nội – Công ty cổ phần
646,HTN,Công ty Cổ phần Hưng Thịnh Incons
647,HTP,Công ty Cổ phần In Sách Giáo Khoa Hòa Phát
648,HTR,Công ty Cổ phần Đường sắt Hà Thái
649,HTS,Công ty Cổ phần Thép Hương Thịnh
650,HTT,Công ty Cổ phần Thương mại Hà Tây
651,HTV,Công ty Cổ phần Logistics Vicem
652,HU1,Công ty Cổ phần Đầu tư và Xây dựng HUD1
653,HU3,Công ty Cổ phần Đầu tư và Xây dựng HUD3
654,HU4,Công ty Cổ phần Đầu tư và Xây dựng HUD4
655,HU6,Công ty Cổ phần Đầu tư Phát triển Nhà và Đô thị HUD6
656,HUB,Công ty Cổ phần Xây lắp Thừa Thiên Huế
657,HUG,Tổng công ty May Hưng Yên - Công ty Cổ phần
658,HUT,Công ty Cổ phần Tasco
659,HVA,Công ty Cổ phần Đầu tư HVA
660,HVG,Công ty Cổ phần Hùng Vương
661,HVH,Công ty Cổ phần Đầu tư và Công nghệ HVC
662,HVN,Tổng Công ty Hàng không Việt Nam - CTCP
663,HVT,Công ty Cổ phần Hóa chất Việt Trì
664,HVX,Công ty Cổ phần Xi măng Vicem Hải Vân
665,HWI,Công ty Cổ phần Đầu tư Xây dựng hạ tầng nước sạch Hà Nội
666,HWS,Công ty Cổ phần Cấp nước Thừa Thiên Huế
667,IBC,Công ty Cổ phần Đầu tư APAX Holdings
668,IBD,Công ty Cổ phần In Tổng hợp Bình Dương
669,ICC,Công ty Cổ phần Xây dựng công nghiệp
670,ICF,Công ty Cổ phần Đầu tư-Thương mại-Thủy sản
671,ICG,Công ty Cổ phần Xây dựng Sông Hồng
672,ICI,Công ty Cổ phần Đầu tư và Xây dựng Công nghiệp
673,ICL,Công ty Cổ phần Xuất Nhập Khẩu Vĩnh Long
674,ICN,Công ty Cổ phần Đầu tư Xây dựng Dầu khí IDICO
675,ICT,Công ty Cổ phần Viễn thông - Tin học Bưu điện
676,IDC,Tổng Công ty IDICO - CTCP
677,IDI,Công ty Cổ phần Đầu tư và Phát triển Đa Quốc Gia I.D.I
678,IDJ,Công ty Cổ phần Đầu tư IDJ Việt Nam
679,IDP,Công ty Cổ phần Sữa Quốc tế
680,IDV,Công ty Cổ phần Phát triển Hạ tầng Vĩnh Phúc
681,IFS,Công ty Cổ phần Thực phẩm Quốc tế
682,IHK,Công ty Cổ phần In Hàng Không
683,IJC,Công ty Cổ phần Phát triển Hạ tầng Kỹ thuật
684,ILA,Công ty Cổ phần ILA
685,ILB,Công ty Cổ phần ICD Tân Cảng - Long Bình
686,ILC,Công ty Cổ phần Hợp tác lao động với nước ngoài
687,ILS,Công ty Cổ phần Đầu tư Thương mại và Dịch vụ Quốc tế
688,IME,Công ty Cổ phần Cơ khí và Xây lắp Công nghiệp
689,IMP,Công ty Cổ phần Dược phẩm IMEXPHARM
690,IN4,Công ty Cổ phần In số 4
691,INC,Công ty Cổ phần Tư vấn Đầu tư IDICO
692,ING,Công ty Cổ phần Đầu Tư Và Phát Triển Xây Dựng
693,INN,Công ty Cổ phần Bao bì và In Nông nghiệp
694,IPA,Công ty Cổ phần Tập đoàn Đầu tư I.P.A
695,IRC,Công ty Cổ phần Cao su Công nghiệp
696,ISG,Công ty Cổ phần Vận tải biển và Hợp tác lao động Quốc Tế
697,ISH,Công ty Cổ phần Thủy điện Srok Phu Miêng IDICO
698,IST,Công ty Cổ phần ICD Tân Cảng Sóng Thần
699,ITA,Công ty Cổ phần Đầu tư và Công nghiệp Tân Tạo
700,ITC,Công ty Cổ phần Đầu tư - Kinh doanh nhà
701,ITD,Công ty Cổ phần Công nghệ Tiên Phong
702,ITQ,Công ty Cổ phần Tập đoàn Thiên Quang
703,ITS,"Công ty Cổ phần Đầu tư, Thương mại và Dịch vụ - Vinacomin"
704,IVS,Công ty Cổ phần Chứng khoán Guotai Junan (Việt Nam)
705,JOS,Công ty CP Chế biến Thủy sản Xuất khẩu Minh Hải
706,JVC,Công ty Cổ phần Đầu tư và Phát triển Y tế Việt Nhật
707,KAC,Công ty Cổ phần Đầu tư Địa ốc Khang An
708,KBC,Tổng Công ty Phát triển Đô thị Kinh Bắc
709,KCB,Công ty Cổ phần Khoáng Sản và Luyện Kim Cao Bằng
710,KCE,Công ty Cổ phần Bê tông Ly tâm Điện lực Khánh Hòa
711,KDC,Công ty Cổ phần Tập đoàn KIDO
712,KDH,Công ty Cổ phần Đầu tư và Kinh doanh nhà Khang Điền
713,KDM,Công ty Cổ phần Tập đoàn GCL
714,KGM,Công ty Cổ phần Xuất nhập khẩu Kiên Giang
715,KHD,"Công ty Cổ phần Khai thác, Chế biến Khoáng sản Hải Dương"
716,KHG,Công ty Cổ phần Tập đoàn Khải Hoàn Land
717,KHL,Công ty Cổ phần Khoáng sản và Vật liệu Xây dựng Hưng Long
718,KHP,Công ty Cổ phần Điện lực Khánh Hòa
719,KHS,Công ty Cổ phần Kiên Hùng
720,KHW,Công ty Cổ phần Cấp thoát nước Khánh Hòa
721,KIP,Công ty Cổ phần K.I.P Việt Nam
722,KKC,Công ty Cổ phần Tập đoàn Thành Thái
723,KLB,Ngân hàng Thương mại Cổ phần Kiên Long
724,KLF,Công ty Cổ phần Đầu tư Thương mại và Xuất nhập khẩu CFS
725,KLM,Công ty Cổ phần Kim loại màu Nghệ Tĩnh
726,KMR,Công ty Cổ phần Mirae
727,KMT,Công ty Cổ phần Kim khí Miền Trung
728,KNA,Công ty Cổ phần Khoáng sản Nghệ An
729,KOS,Công ty Cổ phần KOSY
730,KPF,Công ty Cổ phần Đầu tư Tài sản KOJI
731,KSB,Công ty Cổ phần Khoáng sản và Xây dựng Bình Dương
732,KSD,Công ty Cổ phần Đầu tư DNA
733,KSF,Công ty cổ phần Tập đoàn Real Tech
734,KSH,Công ty Cổ phần Damac GLS
735,KSQ,Công ty Cổ phần CNC Capital Việt Nam
736,KSS,Tổng Công ty Cổ phần Khoáng sản Na Rì Hamico
737,KST,Công ty Cổ phần KASATI
738,KSV,Tổng Công ty Khoáng sản TKV - Công ty Cổ phần
739,KTC,Công ty Cổ phần Thương mại Kiên Giang
740,KTL,Công ty Cổ phần Kim khí Thăng Long
741,KTS,Công ty Cổ phần Đường Kon Tum
742,KTT,Công ty Cổ phần Tập đoàn Đầu tư KTT
743,KTW,Công ty Cổ phần Cấp nước Kon Tum
744,KVC,Công ty Cổ phần Sản xuất Xuất nhập khẩu Inox Kim Vĩ
745,KWA,Công ty Cổ phần Cấp thoát nước và Môi trường Kiến Tường
746,L10,Công ty Cổ phần Lilama 10
747,L12,Công ty Cổ phần Licogi 12
748,L14,Công ty Cổ phần Licogi 14
749,L18,Công ty Cổ phần Đầu tư và Xây dựng số 18
750,L35,Công ty Cổ phần Cơ khí Lắp máy Lilama
751,L40,Công ty Cổ phần Đầu tư và Xây dựng 40
752,L43,Công ty Cổ phần Lilama 45.3
753,L44,Công ty Cổ phần Lilama 45.4
754,L45,Công ty Cổ phần Lilama 45.1
755,L61,Công ty Cổ phần Lilama 69-1
756,L62,Công ty Cổ phần Lilama 69 - 2
757,L63,Công ty Cổ phần Lilama 69-3
758,LAF,Công ty Cổ phần Chế biến Hàng Xuất khẩu Long An
759,LAI,Công ty Cổ phần Đầu tư Xây dựng Long An IDICO
760,LAS,Công ty Cổ phần Supe Phốt phát và Hóa chất Lâm Thao
761,LAW,Công ty Cổ phần Cấp thoát nước Long An
762,LBC,Công ty Cổ phần Thương mại - Đầu tư Long Biên
763,LBE,Công ty Cổ phần Sách và Thiết bị Trường học Long An
764,LBM,Công ty Cổ phần Khoáng sản và Vật liệu xây dựng Lâm Đồng
765,LCC,Công ty Cổ phần Xi măng Hồng Phong
766,LCD,Công ty Cổ phần Lắp máy - Thí nghiệm cơ điện
767,LCG,Công ty Cổ phần Lizen
768,LCM,Công ty Cổ phần Khai thác và Chế biến Khoáng sản Lào Cai
769,LCS,Công ty Cổ phần Licogi 16.6
770,LDG,Công ty Cổ phần Đầu tư LDG
771,LDP,Công ty Cổ phần Dược Lâm Đồng - Ladophar
772,LDW,Công ty Cổ phần Cấp thoát nước Lâm Đồng
773,LEC,Công ty Cổ phần Bất động sản Điện lực Miền Trung
774,LG9,Công ty Cổ phần Cơ giới và Xây lắp số 9
775,LGC,Công ty Cổ phần Đầu tư Cầu đường CII
776,LGL,Công ty Cổ phần Đầu tư và Phát triển Đô thị Long Giang
777,LGM,Công ty Cổ phần Giày da và may mặc xuất khẩu (Legamex)
778,LHC,Công ty Cổ phần Đầu tư và Xây dựng Thủy lợi Lâm Đồng
779,LHG,Công ty Cổ phần Long Hậu
780,LIC,Tổng Công ty LICOGI - Công ty Cổ phần
781,LIG,Công ty Cổ phần Licogi 13
782,LIX,Công ty Cổ phần Bột Giặt LiX
783,LKW,Công ty Cổ phần Cấp nước Long Khánh
784,LLM,Tổng Công ty lắp máy Việt Nam - Công ty Cổ phần
785,LM3,Công ty Cổ phần Lilama 3
786,LM7,Công ty Cổ phần Lilama 7
787,LM8,Công ty Cổ phần Lilama 18
788,LMC,Công ty Cổ phần Long Beach LMC
789,LMH,Công ty Cổ phần Quốc Tế Holding
790,LMI,Công ty Cổ phần Đầu tư Xây dựng Lắp máy IDICO
791,LNC,Công ty Cổ phần Lệ Ninh
792,LO5,Công ty Cổ phần Lilama 5
793,LPB,Ngân hàng Thương mại Cổ phần Bưu Điện Liên Việt
794,LPT,Công ty Cổ phần Thương mại và Sản xuất Lập Phương Thành
795,LQN,Công ty Cổ phần Licogi Quảng Ngãi
796,LSG,Công ty Cổ phần Bất động sản Sài Gòn Vi na
797,LSS,Công ty Cổ phần Mía đường Lam Sơn
798,LTC,Công ty Cổ phần Điện nhẹ Viễn Thông
799,LTG,Công ty Cổ phần Tập đoàn Lộc Trời
800,LTQ,Công ty TNHH MTV Lâm nghiệp Nguyễn Văn Trỗi
801,LUT,Công ty Cổ phần Đầu tư Xây dựng Lương Tài
802,M10,Tổng công ty May 10 - Công ty Cổ phần
803,MA1,Công ty Cổ phần Thiết bị
804,MAC,Công ty Cổ phần Cung ứng và Dịch vụ Kỹ thuật Hàng Hải
805,MAS,Công ty cổ phần Dịch vụ Hàng Không Sân Bay Đà Nẵng
806,MBB,Ngân hàng Thương mại Cổ phần Quân đội
807,MBG,Công ty Cổ phần Tập đoàn MBG
808,MBN,Công ty Cổ phần Môi trường và Công trình đô thị Bắc Ninh
809,MBS,Công ty Cổ phần Chứng khoán MB
810,MBT,Công ty Cổ phần Bất động sản Cho thuê Minh Bảo Tín
811,MCC,Công ty Cổ phần Gạch ngói cao cấp
812,MCD,Công ty Cổ phần Môi trường và Công trình Đô thị Đông Hà
813,MCF,Công ty Cổ phần Xây lắp Cơ khí và Lương thực Thực phẩm
814,MCG,Công ty Cổ phần Năng lượng và Bất động sản MCG
815,MCH,Công ty Cổ phần Hàng Tiêu Dùng MaSan
816,MCI,Công ty Cổ phần Đầu tư Xây dựng và Phát triển Vật liệu IDICO
817,MCM,Công ty Cổ phần Giống bò sữa Mộc Châu
818,MCO,Công ty Cổ phần Đầu tư và Xây dựng BDC Việt Nam
819,MCP,Công ty Cổ phần In và Bao bì Mỹ Châu
820,MDA,Công ty Cổ phần Môi trường Đô thị Đông Anh
821,MDC,Công ty Cổ phần Than Mông Dương - Vinacomin
822,MDD,Công ty Cổ phần Mai Động
823,MDF,Công ty Cổ phần Gỗ MDF VRG - Quảng Trị
824,MDG,Công ty Cổ phần Miền Đông
825,MEC,Công ty Cổ phần Cơ khí - Lắp máy Sông Đà
826,MED,Công ty Cổ phần Dược Trung ương Mediplantex
827,MEF,Công ty Cổ phần MEINFA
828,MEL,Công ty Cổ phần Thép Mê Lin
829,MES,Công ty Cổ phần Cơ điện Công trình
830,MFS,Công ty Cổ phần Dịch vụ kỹ thuật Mobifone
831,MGC,Công ty Cổ phần Địa chất mỏ - TKV
832,MGG,Tổng Công ty Đức Giang - Công ty Cổ phần
833,MGR,Công ty cổ phần Tập đoàn MGROUP
834,MH3,Công ty Cổ phần Khu công nghiệp Cao su Bình Long
835,MHC,Công ty Cổ phần MHC
836,MHL,Công ty Cổ phần Minh Hữu Liên
837,MIC,Công ty Cổ phần Kỹ nghệ Khoáng sản Quảng Nam
838,MIE,Tổng Công ty Máy và Thiết bị Công nghiệp - CTCP
839,MIG,Tổng Công ty Cổ phần Bảo hiểm Quân đội
840,MIM,Công ty Cổ phần Khoáng sản và Cơ khí
841,MKP,Công ty Cổ phần Hóa - Dược phẩm Mekophar
842,MKV,Công ty Cổ phần Dược Thú Y Cai Lậy
843,MLC,Công ty Cổ phần Môi trường Đô thị Tỉnh Lào Cai
844,MLS,Công ty Cổ phần Chăn nuôi - Mitraco
845,MML,Công ty Cổ phần Masan MEATLife
846,MNB,Tổng Công ty May Nhà Bè - Công ty Cổ phần
847,MND,Công ty Cổ phần Môi trường Nam Định
848,MPC,Công ty Cổ phần Tập đoàn Thủy sản Minh Phú
849,MPT,Công ty Cổ phần Tập đoàn MPT
850,MPY,Công ty Cổ phần Môi trường đô thị Phú Yên
851,MQB,Công ty Cổ phần Môi trường và Phát triển đô thị Quảng Bình
852,MQN,Công ty Cổ phần Môi trường đô thị Quảng Ngãi
853,MRF,Công ty Cổ phần MERUFA
854,MSB,Ngân hàng Thương mại Cổ phần Hàng Hải Việt Nam
855,MSH,Công ty Cổ phần May Sông Hồng
856,MSN,Công ty Cổ phần Tập đoàn Masan
857,MSR,Công ty Cổ phần Masan High-Tech Materials
858,MST,Công ty Cổ phần Đầu tư MST
859,MT9,Công ty Cổ phần 319 Miền Trung
860,MTA,Tổng Công ty Khoáng sản và Thương mại Hà Tĩnh - Công ty Cổ phần
861,MTB,Công ty Cổ phần Môi trường và Công trình đô thị tỉnh Thái Bình
862,MTC,Công ty Cổ phần Dịch vụ Du lịch Mỹ Trà
863,MTG,Công ty Cổ phần MT Gas
864,MTH,Công ty Cổ phần Môi trường Đô thị Hà Đông
865,MTL,Công ty Cổ phần Dịch vụ Môi trường Đô thị Từ Liêm
866,MTN,Công ty Cổ phần Tập Đoàn Truyền Thông Thanh Niên
867,MTP,Công ty Cổ phần Dược Medipharco
868,MTS,Công ty Cổ phần Vật tư - TKV
869,MTV,Công ty Cổ phần Dịch vụ Môi trường và Công trình Đô thị Vũng Tàu
870,MTX,Công ty Cổ phần Công trình Đô thị Gò Công
871,MVB,Tổng Công ty Công nghiệp mỏ Việt Bắc TKV - Công ty Cổ phần
872,MVC,Công ty Cổ phần Vật liệu và Xây dựng Bình Dương
873,MVN,Tổng Công ty Hàng hải Việt Nam - CTCP
874,MWG,Công ty Cổ phần Đầu tư Thế Giới Di Động
875,MZG,Công ty Cổ Phần Miza
876,NAB,Ngân hàng Thương mại Cổ phần Nam Á
877,NAC,Công ty Cổ phần Tư vấn Xây dựng Tổng hợp
878,NAF,Công ty Cổ phần Nafoods Group
879,NAG,Công ty Cổ phần Tập đoàn Nagakawa
880,NAP,Công ty Cổ phần Cảng Nghệ Tĩnh
881,NAS,Công ty Cổ phần Dịch vụ Hàng không Sân bay Nội Bài
882,NAU,Công ty Cổ phần Môi trường và Công trình Đô thị Nghệ An
883,NAV,Công ty Cổ phần Nam Việt
884,NAW,Công ty Cổ phần Cấp nước Nghệ An
885,NBB,Công ty Cổ phần Đầu tư Năm Bảy Bảy
886,NBC,Công ty Cổ phần Than Núi Béo - Vinacomin
887,NBE,Công ty Cổ phần Sách và Thiết bị Giáo dục Miền Bắc
888,NBP,Công ty Cổ phần Nhiệt Điện Ninh Bình
889,NBT,Công ty Cổ phần Cấp thoát nước Bến Tre
890,NBW,Công ty Cổ phần Cấp nước Nhà Bè
891,NCG,Công ty Cổ phần Tập đoàn Nova Consumer
892,NCS,Công ty Cổ phần Suất ăn Hàng không Nội Bài
893,NCT,Công ty Cổ phần Dịch vụ Hàng hóa Nội Bài
894,ND2,Công ty Cổ phần Đầu tư và Phát triển điện Miền Bắc 2
895,NDC,Công ty Cổ phần Nam Dược
896,NDF,Công ty Cổ phần Chế biến thực phẩm nông sản xuất khẩu Nam Định
897,NDN,Công ty Cổ phần Đầu tư Phát triển Nhà Đà Nẵng
898,NDP,Công ty Cổ phần Dược phẩm 2/9
899,NDT,Tổng Công ty Cổ phần Dệt may Nam Định
900,NDW,Công ty Cổ phần Cấp nước Nam Định
901,NDX,Công ty Cổ phần Xây lắp Phát triển Nhà Đà Nẵng
902,NED,Công ty Cổ phần Đầu tư và Phát triển Điện Tây Bắc
903,NEM,Công ty Cổ phần Thiết bị Điện Miền Bắc
904,NET,Công ty Cổ phần Bột giặt Net
905,NFC,Công ty Cổ phần Phân lân Ninh Bình
906,NGC,Công ty Cổ phần Chế biến Thủy sản Xuất khẩu Ngô Quyền
907,NHA,Tổng Công ty Đầu tư Phát triển Nhà và Đô thị Nam Hà Nội
908,NHC,Công ty Cổ phần Gạch ngói Nhị Hiệp
909,NHH,Công ty Cổ phần Nhựa Hà Nội
910,NHP,Công ty Cổ phần Sản xuất Xuất nhập khẩu NHP
911,NHT,Công ty Cổ phần Sản xuất và Thương mại Nam Hoa
912,NHV,Công ty Cổ phần Sức khỏe Hồi sinh Việt Nam
913,NJC,Công ty Cổ phần May Nam Định
914,NKG,Công ty Cổ phần Thép Nam Kim
915,NLG,Công ty Cổ phần Đầu tư Nam Long
916,NLS,Công ty Cổ phần Cấp thoát nước Lạng Sơn
917,NNC,Công ty Cổ phần Đá Núi Nhỏ
918,NNT,Công ty Cổ phần Cấp nước Ninh Thuận
919,NO1,Công ty Cổ phần Tâp đoàn 911
920,NOS,Công ty Cổ phần Vận tải Biển và Thương mại Phương Đông
921,NQB,Công ty Cổ phần Cấp nước Quảng Bình
922,NQN,Công ty Cổ phần Nước sạch Quảng Ninh
923,NQT,Công ty Cổ phần Nước sạch Quảng Trị
924,NRC,Công ty Cổ phần Tập đoàn Danh Khôi
925,NS2,Công ty Cổ phần Nước sạch số 2 Hà Nội
926,NSC,Công ty Cổ phần Tập đoàn Giống cây trồng Việt Nam
927,NSG,Công ty Cổ phần Nhựa Sài Gòn
928,NSH,Công ty Cổ phần Tập đoàn Nhôm Sông Hồng Shalumi
929,NSL,Công ty Cổ phần Cấp nước Sơn La
930,NSS,Công ty Cổ phần Nông súc sản Đồng Nai
931,NST,Công ty Cổ phần Ngân Sơn
932,NT2,Công ty Cổ phần Điện lực Dầu khí Nhơn Trạch 2
933,NTB,Công ty Cổ phần Đầu tư Xây dựng và Khai thác Công trình giao thông 584
934,NTC,Công ty Cổ phần Khu Công nghiệp Nam Tân Uyên
935,NTF,Công ty Cổ phần Dược - Vật tư y tế Nghệ An
936,NTH,Công ty Cổ phần Thủy điện Nước Trong
937,NTL,Công ty Cổ phần Phát triển Đô thị Từ Liêm
938,NTP,Công ty Cổ phần Nhựa Thiếu niên Tiền Phong
939,NTT,Công ty Cổ phần Dệt - May Nha Trang
940,NTW,Công ty Cổ phần Cấp nước Nhơn Trạch
941,NUE,Công ty Cổ phần Môi trường Đô thị Nha Trang
942,NVB,Ngân hàng Thương mại Cổ phần Quốc Dân
943,NVL,Công ty Cổ phần Tập đoàn Đầu tư Địa ốc No Va
944,NVP,Công ty Cổ phần Nước sạch Vĩnh Phúc
945,NVT,Công ty Cổ phần Bất động sản Du lịch Ninh Vân Bay
946,NWT,Công ty Cổ phần Vận tải Newway
947,NXT,Công ty Cổ phần Sản xuất và Cung ứng vật liệu xây dựng Kon Tum
948,OCB,Ngân hàng Thương mại Cổ phần Phương Đông
949,OCH,Công ty Cổ phần One Capital Hospitality
950,ODE,Công ty cổ phần Tập đoàn Truyền thông và Giải trí ODE
951,OGC,Công ty Cổ phần Tập đoàn Đại Dương
952,OIL,Tổng Công ty Dầu Việt Nam - Công ty Cổ phần
953,ONE,Công ty Cổ phần Công nghệ ONE
954,ONW,Công ty Cổ phần Dịch vụ Một Thế giới
955,OPC,Công ty Cổ phần Dược Phẩm OPC
956,ORS,Công ty Cổ phần Chứng khoán Tiên Phong
957,PAC,Công ty Cổ phần Pin Ắc quy Miền Nam
958,PAI,"Công ty Cổ phần Công nghê thông tin, Viễn thông và Tự động hóa Dầu khí"
959,PAN,Công ty Cổ phần Tập đoàn PAN
960,PAP,Công ty Cổ phần Dầu khí đầu tư khai thác Cảng Phước An
961,PAS,Công ty Cổ phần Quốc tế Phương Anh
962,PAT,Công ty Cổ phần Phốt pho Apatit Việt Nam
963,PBC,Công ty Cổ phần Dược Phẩm Trung ương 1 - Pharbaco
964,PBP,Công ty Cổ phần Bao bì Dầu khí Việt Nam
965,PBT,Công ty Cổ Phần Nhà và Thương mại Dầu khí
966,PC1,Công ty Cổ phần Tập đoàn PC1
967,PCC,Công ty Cổ phần Tập đoàn Xây lắp 1 - Petrolimex
968,PCE,Công ty Cổ phần Phân bón và hóa chất dầu khí Miền Trung
969,PCF,Công ty Cổ phần Cà phê PETEC
970,PCG,Công ty Cổ phần Đầu tư Phát triển Gas Đô thị
971,PCH,Công ty Cổ phần Nhựa Picomat
972,PCM,Công ty Cổ phần Vật liệu Xây dựng Bưu điện
973,PCN,Công ty Cổ phần Hóa phẩm dầu khí DMC - Miền Bắc
974,PCT,Công ty Cổ phần Vận tải Khí và Hóa chất Việt Nam
975,PDB,Công ty Cổ phần Tập đoàn Đầu tư DIN Capital
976,PDC,Công ty Cổ phần Du lịch Dầu khí Phương Đông
977,PDN,Công ty Cổ phần Cảng Đồng Nai
978,PDR,Công ty Cổ phần Phát triển Bất động sản Phát Đạt
979,PDV,Công ty Cổ phần Vận tải và Tiếp vận Phương Đông Việt
980,PEC,Công ty Cổ phần Cơ khí Điện lực
981,PEG,Tổng Công ty Thương mại Kỹ thuật và Đầu tư - Công ty Cổ phần
982,PEN,Công ty Cổ phần Xây lắp III Petrolimex
983,PEQ,Công ty Cổ phần Thiết bị xăng dầu Petrolimex
984,PET,Tổng Công ty Cổ phần Dịch vụ Tổng hợp Dầu khí
985,PFL,Công ty Cổ phần Dầu khí Đông Đô
986,PGB,Ngân hàng Thương mại Cổ phần Thịnh vượng và Phát triển
987,PGC,Tổng Công ty Gas Petrolimex - Công ty Cổ phần
988,PGD,Công ty Cổ phần Phân phối khí thấp áp dầu khí Việt Nam
989,PGI,Tổng Công ty Cổ phần Bảo hiểm Petrolimex
990,PGN,Công ty Cổ phần Phụ Gia Nhựa
991,PGS,Công ty Cổ phần Kinh doanh Khí Miền Nam
992,PGT,Công ty Cổ phần PGT Holdings
993,PGV,Tổng Công ty Phát điện 3 - Công ty Cổ phần
994,PHC,Công ty Cổ phần Xây dựng Phục Hưng Holdings
995,PHH,Công ty Cổ phần Hồng Hà Việt Nam
996,PHN,Công ty Cổ phần Pin Hà Nội
997,PHP,Công ty Cổ phần Cảng Hải Phòng
998,PHR,Công ty Cổ phần Cao su Phước Hòa
999,PHS,Công ty Cổ phần Chứng khoán Phú Hưng
1000,PIA,Công ty Cổ phần Tin học Viễn thông Petrolimex
1001,PIC,Công ty Cổ phần Đầu tư Điện lực 3
1002,PID,Công ty Cổ phần Trang trí nội thất Dầu khí
1003,PIS,Tổng Công ty Pisico Bình Định - Công ty Cổ phần
1004,PIT,Công ty Cổ phần Xuất nhập khẩu Petrolimex
1005,PIV,Công ty Cổ phần PIV
1006,PJC,Công ty Cổ phần Thương mại và Vận tải Petrolimex Hà Nội
1007,PJS,Công ty Cổ phần Cấp nước Phú Hòa Tân
1008,PJT,Công ty Cổ phần Vận tải Xăng dầu đường thủy Petrolimex
1009,PLA,Công ty Cổ phần Đầu tư và Dịch vụ hạ tầng Xăng dầu
1010,PLC,Tổng Công ty Hóa dầu Petrolimex - Công ty Cổ phần
1011,PLE,Công ty Cổ phần Tư vấn Xây dựng Petrolimex
1012,PLO,Công ty Cổ phần Kho vận Petec
1013,PLP,Công ty Cổ phần Sản xuất và Công nghệ Nhựa Pha Lê
1014,PLX,Tập đoàn Xăng dầu Việt Nam
1015,PMB,Công ty Cổ phần Phân bón và Hóa chất Dầu khí Miền Bắc
1016,PMC,Công ty Cổ phần Dược phẩm Dược liệu Pharmedic
1017,PMG,Công ty Cổ phần Đầu tư và Sản xuất Petro Miền Trung
1018,PMJ,Công ty cổ phần Vật tư Bưu điện
1019,PMP,Công ty Cổ phần Bao bì Đạm Phú Mỹ
1020,PMS,Công ty Cổ phần Cơ khí Xăng dầu
1021,PMT,Công ty Cổ phần Viễn thông Telvina Việt Nam
1022,PMW,Công ty Cổ phần Cấp Nước Phú Mỹ
1023,PNC,Công ty Cổ phần Văn hóa Phương Nam
1024,PND,Công ty Cổ phần Xăng dầu Dầu khí Nam Định
1025,PNG,Công ty Cổ phần Thương Mại Phú Nhuận
1026,PNJ,Công ty Cổ phần Vàng bạc Đá quý Phú Nhuận
1027,PNP,Công ty Cổ phần Tân Cảng – Phú Hữu
1028,PNT,Công ty Cổ phần Kỹ thuật Xây dựng Phú Nhuận
1029,POB,Công ty Cổ phần Xăng dầu Dầu khí Thái Bình
1030,POM,Công ty Cổ phần Thép Pomina
1031,POS,"Công ty Cổ phần Dịch vụ lắp đặt, vận hành và bảo dưỡng công trình dầu khí biển PTSC"
1032,POT,Công ty Cổ phần Thiết bị Bưu điện
1033,POV,Công ty Cổ phần Xăng dầu Dầu khí Vũng Áng
1034,POW,Tổng Công ty Điện lực Dầu khí Việt Nam - CTCP
1035,PPC,Công ty Cổ phần Nhiệt điện Phả Lại
1036,PPE,Công ty Cổ phần Tư vấn Đầu tư PP Enterprise
1037,PPH,Tổng Công ty Cổ phần Phong Phú
1038,PPI,Công ty Cổ phần Đầu tư và Phát triển dự án hạ tầng Thái Bình Dương
1039,PPP,Công ty Cổ phần Dược phẩm Phong Phú
1040,PPS,Công ty Cổ phần Dịch vụ Kỹ thuật Điện lực Dầu khí Việt Nam
1041,PPT,Công ty cổ phần Petro Times
1042,PPY,Công ty Cổ phần Xăng dầu dầu khí Phú Yên
1043,PQN,Công ty Cổ phần Dịch vụ Dầu khí Quảng Ngãi PTSC
1044,PRC,Công ty Cổ phần Logistics Portserco
1045,PRE,Tổng Công ty Cổ phần Tái bảo hiểm Hà Nội
1046,PRO,Công ty Cổ phần Procimex Việt Nam
1047,PRT,Tổng Công ty Sản xuất - Xuất nhập khẩu Bình Dương - Công ty cổ phần
1048,PSB,Công ty Cổ phần Đầu tư Dầu khí Sao Mai Bến Đình
1049,PSC,Công ty Cổ phần Vận tải và Dịch vụ Petrolimex Sài Gòn
1050,PSD,Công ty Cổ phần Dịch vụ Phân phối Tổng hợp Dầu khí
1051,PSE,Công ty Cổ phần Phân bón và hóa chất dầu khí Đông Nam Bộ
1052,PSG,Công ty Cổ phần Đầu tư và Xây lắp Dầu khí Sài Gòn
1053,PSH,Công ty Cổ phần Thương mại Đầu tư Dầu khí Nam Sông Hậu
1054,PSI,Công ty Cổ phần Chứng khoán Dầu khí
1055,PSL,Công ty Cổ phần Chăn nuôi Phú Sơn
1056,PSN,Công ty Cổ phần Dịch vụ Kỹ thuật PTSC Thanh Hóa
1057,PSP,Công ty Cổ phần Cảng Dịch vụ Dầu khí Đình Vũ
1058,PSW,Công ty Cổ phần Phân bón và hóa chất dầu khí Tây Nam Bộ
1059,PTB,Công ty Cổ phần Phú Tài
1060,PTC,Công ty Cổ phần Đầu tư ICAPITAL
1061,PTD,Công ty Cổ phần Thiết kế - Xây dựng - Thương mại Phúc Thịnh
1062,PTE,Công ty Cổ phần Xi măng Phú Thọ
1063,PTG,Công ty Cổ phần May Xuất Khẩu Phan Thiết
1064,PTH,Công ty Cổ phần Vận tải và Dịch vụ Petrolimex Hà Tây
1065,PTI,Tổng Công ty Cổ phần Bảo hiểm Bưu điện
1066,PTL,Công ty Cổ phần Victory Capital
1067,PTN,Công ty Cổ phần Phát triển Nhà Khánh Hòa
1068,PTO,Công ty Cổ phần Dịch vụ - Xây dựng Công trình Bưu điện
1069,PTP,Công ty Cổ phần Dịch vụ Viễn Thông và In Bưu điện
1070,PTS,Công ty Cổ phần Vận tải và Dịch vụ Petrolimex Hải Phòng
1071,PTT,Công ty Cổ phần Vận tải Dầu khí Đông Dương
1072,PTV,Công ty Cổ phần Thương mại Dầu khí
1073,PTX,Công ty Cổ phần Vận tải và Dịch vụ Petrolimex Nghệ Tĩnh
1074,PV2,Công ty Cổ phần Đầu tư PV2
1075,PVA,Công ty Cổ phần Tổng Công ty Xây lắp Dầu khí Nghệ An
1076,PVB,Công ty Cổ phần Bọc ống Dầu khí Việt Nam
1077,PVC,Tổng Công ty Hóa chất và Dịch vụ Dầu khí - Công ty Cổ phần
1078,PVD,Tổng Công ty Cổ phần Khoan và Dịch vụ khoan Dầu khí
1079,PVE,Tổng Công ty Tư vấn Thiết kế Dầu khí - Công ty Cổ phần
1080,PVG,Công ty Cổ phần Kinh doanh LPG Việt Nam
1081,PVH,Công ty Cổ phần Xây lắp Dầu khí Thanh Hóa
1082,PVI,Công ty Cổ phần PVI
1083,PVL,Công ty Cổ phần Đầu tư Nhà Đất Việt
1084,PVM,Công ty Cổ phần Máy - Thiết bị Dầu khí
1085,PVO,Công ty Cổ phần Dầu nhờn PV Oil
1086,PVP,Công ty Cổ phần Vận tải Dầu khí Thái Bình Dương
1087,PVR,Công ty Cổ phần Đầu tư PVR Hà Nội
1088,PVS,Tổng Công ty Cổ phần Dịch vụ Kỹ thuật Dầu khí Việt Nam
1089,PVT,Tổng Công ty Cổ phần Vận tải Dầu khí
1090,PVV,Công ty Cổ phần Vinaconex 39
1091,PVX,Tổng Công ty Cổ phần Xây lắp Dầu khí Việt Nam
1092,PVY,Công ty Cổ phần Chế tạo Giàn khoan Dầu khí
1093,PWA,Công ty Cổ phần Bất động sản dầu khí
1094,PWS,Công ty Cổ phần Cấp thoát nước Phú Yên
1095,PX1,Công ty Cổ phần Xi măng Sông Lam 2
1096,PXA,Công ty Cổ phần Đầu tư và Thương mại Dầu khí Nghệ An
1097,PXC,Công ty Cổ phần Phát triển Đô thị Dầu khí
1098,PXI,Công ty Cổ phần Xây dựng Công nghiệp và Dân dụng Dầu khí
1099,PXK,Công ty Cổ phần Đầu tư và Xây lắp dầu khí Kinh Bắc
1100,PXL,Công ty Cổ phần Đầu tư Khu Công Nghiệp Dầu khí Long Sơn
1101,PXM,Công ty Cổ phần Xây lắp Dầu khí Miền Trung
1102,PXS,Công ty Cổ phần Kết cấu Kim loại và Lắp máy Dầu khí
1103,PXT,Công ty Cổ phần Xây lắp Đường ống Bể chứa Dầu khí
1104,QBS,Công ty Cổ phần Xuất nhập khẩu Quảng Bình
1105,QCC,Công ty Cổ phần Đầu tư Xây dựng và Phát triển Hạ tầng Viễn Thông
1106,QCG,Công ty Cổ phần Quốc Cường Gia Lai
1107,QHD,Công ty Cổ phần Que hàn điện Việt Đức
1108,QHW,Công ty Cổ phần Nước khoáng Quảng Ninh
1109,QNC,Công ty Cổ phần Xi măng và Xây dựng Quảng Ninh
1110,QNP,Công ty Cổ phần Cảng Quy Nhơn
1111,QNS,Công ty Cổ phần Đường Quảng Ngãi
1112,QNT,Công ty Cổ phần Tư vấn và Đầu tư Phát triển Quảng Nam
1113,QNU,Công ty Cổ phần Môi trường Đô thị Quảng Nam
1114,QNW,Công ty Cổ phần Cấp thoát nước và xây dựng Quảng Ngãi
1115,QPH,Công ty Cổ phần Thủy điện Quế Phong
1116,QSP,Công ty Cổ phần Tân cảng Quy Nhơn
1117,QST,Công ty Cổ phần Sách và Thiết bị trường học Quảng Ninh
1118,QTC,Công ty Cổ phần Công trình Giao thông Vận tải Quảng Nam
1119,QTP,Công ty Cổ phần Nhiệt điện Quảng Ninh
1120,RAL,Công ty Cổ phần Bóng đèn Phích nước Rạng Đông
1121,RAT,Công ty Cổ phần Vận tải và Thương mại Đường sắt
1122,RBC,Công ty Cổ phần Công Nghiệp và Xuất nhập khẩu Cao Su
1123,RCC,Công ty Cổ phần Tổng Công ty Công trình Đường sắt
1124,RCD,Công ty Cổ phần Xây dựng - Địa ốc Cao su
1125,RCL,Công ty Cổ phần Địa ốc Chợ Lớn
1126,RDP,Công ty Cổ phần Rạng Đông Holding
1127,REE,Công ty Cổ phần Cơ điện Lạnh
1128,REN,Công ty Cổ phần Xây dựng và Đầu tư Khu du lịch Sinh Thái
1129,RGC,Công ty Cổ phần Đầu tư PV-Inconess
1130,RGG,Công ty Cổ phần Regal Group
1131,RIC,Công ty Cổ phần Quốc Tế Hoàng Gia
1132,ROS,Công ty Cổ phần Xây dựng FLC FAROS
1133,RTB,Công ty Cổ phần Cao su Tân Biên
1134,RYG,Công ty Cổ phần Sản xuất và Đầu tư Hoàng Gia
1135,S12,Công ty Cổ phần Sông Đà 12
1136,S27,Công ty Cổ phần Sông Đà 27
1137,S4A,Công ty Cổ phần Thủy điện Sê San 4A
1138,S55,Công ty Cổ phần Sông Đà 505
1139,S72,Công ty Cổ phần Sông Đà 7.02
1140,S74,Công ty Cổ phần Sông Đà 7.04
1141,S96,Công ty Cổ phần Sông Đà 9.06
1142,S99,Công ty Cổ phần SCI
1143,SAB,Tổng Công ty Cổ phần Bia - Rượu - Nước Giải khát Sài Gòn
1144,SAC,Công ty Cổ phần Xếp dỡ và Dịch vụ cảng Sài Gòn
1145,SAF,Công ty Cổ phần Lương thực Thực phẩm SAFOCO
1146,SAL,Công ty Cổ phần Trục vớt Cứu hộ Việt Nam
1147,SAM,Công ty Cổ phần SAM Holdings
1148,SAP,Công ty Cổ phần In Sách Giáo khoa TP.Hồ Chí Minh
1149,SAS,Công ty Cổ phần Dịch vụ Hàng không Sân bay Tân Sơn Nhất
1150,SAV,Công ty Cổ phần Hợp tác Kinh tế và Xuất nhập khẩu Savimex
1151,SB1,Công ty Cổ phần Bia Sài Gòn - Nghệ Tĩnh
1152,SBA,Công ty Cổ phần Sông Ba
1153,SBB,Công ty cổ phần Tập đoàn Bia Sài Gòn Bình Tây
1154,SBC,Công ty Cổ phần Vận Tải Và Giao Nhận Bia Sài Gòn
1155,SBD,Công ty Cổ phần Công nghệ Sao Bắc Đẩu
1156,SBG,Công ty Cổ Phần Tập Đoàn Cơ Khí Công Nghệ Cao Siba
1157,SBH,Công ty Cổ phần Thủy điện Sông Ba Hạ
1158,SBL,Công ty Cổ phần Bia Sài Gòn - Bạc Liêu
1159,SBM,Công ty Cổ phần Đầu tư phát triển Bắc Minh
1160,SBR,Công ty Cổ phần Cao su Sông Bé
1161,SBS,Công ty Cổ phần Chứng khoán SBS
1162,SBT,Công ty Cổ phần Thành Thành Công - Biên Hòa
1163,SBV,Công ty Cổ phần Siam Brothers Việt Nam
1164,SC5,Công ty Cổ phần Xây dựng số 5
1165,SCC,Công ty Cổ phần Thương mại Đầu tư SHB
1166,SCD,Công ty Cổ phần Nước giải khát Chương Dương
1167,SCG,Công ty Cổ phần Tập đoàn Xây dựng SCG
1168,SCI,Công ty Cổ phần SCI E&C
1169,SCJ,Công ty Cổ phần Xi măng Sài Sơn
1170,SCL,Công ty Cổ phần Sông Đà Cao Cường
1171,SCO,Công ty Cổ phần Công nghiệp Thủy sản
1172,SCR,Công ty Cổ phần Địa Ốc Sài Gòn Thương Tín
1173,SCS,Công ty Cổ phần Dịch vụ Hàng hóa Sài Gòn
1174,SCY,Công ty Cổ phần Đóng tàu Sông Cấm
1175,SD1,Công ty Cổ phần Sông Đà 1
1176,SD2,Công ty Cổ phần Sông Đà 2
1177,SD3,Công ty Cổ phần Sông Đà 3
1178,SD4,Công ty Cổ phần Sông Đà 4
1179,SD5,Công ty Cổ phần Sông Đà 5
1180,SD6,Công ty Cổ phần Sông Đà 6
1181,SD7,Công ty Cổ phần Sông Đà 7
1182,SD8,Công ty Cổ phần Sông Đà 8
1183,SD9,Công ty Cổ phần Sông Đà 9
1184,SDA,Công ty Cổ phần SIMCO Sông Đà
1185,SDB,Công ty Cổ phần Sông Đà 207
1186,SDC,Công ty Cổ phần Tư vấn Sông Đà
1187,SDD,Công ty Cổ phần Đầu tư và Xây lắp Sông Đà
1188,SDG,Công ty Cổ phần Sadico Cần Thơ
1189,SDJ,Công ty Cổ phần Sông Đà 25
1190,SDK,Công ty Cổ phần Cơ khí Luyện Kim
1191,SDN,Công ty Cổ phần Sơn Đồng Nai
1192,SDP,Công ty Cổ phần SDP
1193,SDT,Công ty Cổ phần Sông Đà 10
1194,SDU,Công ty Cổ phần Đầu tư Xây dựng và Phát triển Đô thị Sông Đà
1195,SDV,Công ty Cổ phần Dịch vụ Sonadezi
1196,SDX,Công ty Cổ phần Phòng cháy chữa cháy và Đầu tư Xây dựng Sông Đà
1197,SDY,Công ty Cổ phần Xi măng Sông Đà Yaly
1198,SEA,Tổng Công ty Thủy sản Việt Nam - Công ty Cổ phần
1199,SEB,Công ty Cổ phần Đầu tư và Phát triển Điện Miền Trung
1200,SED,Công ty Cổ phần Đầu tư và Phát triển Giáo dục Phương Nam
1201,SEP,Công ty Cổ phần Tổng Công ty Thương mại Quảng Trị
1202,SFC,Công ty Cổ phần Nhiên liệu Sài Gòn
1203,SFG,Công ty Cổ phần Phân bón Miền Nam
1204,SFI,Công ty Cổ phần Đại lý Vận tải SAFI
1205,SFN,Công ty Cổ phần Dệt lưới Sài Gòn
1206,SGB,Ngân hàng Thương mại Cổ phần Sài Gòn Công thương
1207,SGC,Công ty Cổ phần Xuất nhập khẩu Sa Giang
1208,SGD,Công ty Cổ phần Sách Giáo dục tại Thành phố Hồ Chí Minh
1209,SGH,Công ty Cổ phần Khách sạn Sài Gòn
1210,SGI,Công ty Cổ phần Đầu tư phát triển Sài Gòn 3 Group
1211,SGN,Công ty Cổ phần Phục vụ mặt đất Sài Gòn
1212,SGO,Công ty Cổ phần Dầu thực vật Sài Gòn
1213,SGP,Công ty Cổ phần Cảng Sài Gòn
1214,SGR,Công ty Cổ phần Tổng Công ty Cổ phần Địa ốc Sài Gòn
1215,SGS,Công ty Cổ phần Vận tải biển Sài Gòn
1216,SGT,Công ty Cổ phần Công nghệ Viễn thông Sài Gòn
1217,SGV,Công ty Cổ phần Vinaconex Sài Gòn
1218,SHA,Công ty Cổ phần Sơn Hà Sài Gòn
1219,SHB,Ngân hàng Thương mại Cổ phần Sài Gòn – Hà Nội
1220,SHC,Công ty Cổ phần Hàng hải Sài Gòn
1221,SHE,Công ty Cổ phần Phát triển Năng Lượng Sơn Hà
1222,SHG,Tổng Công ty Cổ phần Sông Hồng
1223,SHI,Công ty Cổ phần Quốc tế Sơn Hà
1224,SHN,Công ty Cổ phần Đầu tư Tổng hợp Hà Nội
1225,SHP,Công ty Cổ phần Thủy điện Miền Nam
1226,SHS,Công ty Cổ phần Chứng khoán Sài Gòn - Hà Nội
1227,SHX,Công ty Cổ phần Sài Gòn Hỏa xa
1228,SID,Công ty Cổ phần Đầu tư Phát triển Sài Gòn Co.op
1229,SIG,Công ty Cổ phần Đầu tư và Thương mại Sông Đà
1230,SII,Công ty Cổ phần Hạ tầng Nước Sài Gòn
1231,SIP,Công ty Cổ phần Đầu tư Sài Gòn VRG
1232,SIV,Công ty Cổ phần SIVICO
1233,SJ1,Công ty Cổ phần Nông nghiệp Hùng Hậu
1234,SJC,Công ty Cổ phần Sông Đà 1.01
1235,SJD,Công ty Cổ phần Thủy điện Cần Đơn
1236,SJE,Công ty Cổ phần Sông Đà 11
1237,SJF,Công ty Cổ phần Đầu tư Sao Thái Dương
1238,SJG,Tổng Công ty Sông Đà
1239,SJM,Công ty Cổ phần Sông Đà 19
1240,SJS,Công ty Cổ phần Đầu tư Phát triển Đô thị và Khu công nghiệp Sông Đà
1241,SKG,Công ty Cổ phần Tàu Cao tốc Superdong - Kiên Giang
1242,SKH,Công ty Cổ phần Nước giải khát Sanest Khánh Hòa
1243,SKN,Công ty Cổ phần Nước giải khát Sanna Khánh Hòa
1244,SKV,Công ty Cổ phần Nước Giải khát Yến sào Khánh Hòa
1245,SLS,Công ty Cổ phần Mía đường Sơn La
1246,SMA,Công ty Cổ phần Thiết bị Phụ tùng Sài Gòn
1247,SMB,Công ty Cổ phần Bia Sài Gòn - Miền Trung
1248,SMC,Công ty Cổ phần Đầu tư Thương mại SMC
1249,SMN,Công ty Cổ phần Sách và thiết bị giáo dục Miền Nam
1250,SMT,Công ty Cổ phần SAMETEL
1251,SNC,Công ty Cổ phần Xuất nhập khẩu Thủy sản Năm Căn
1252,SNZ,Tổng Công ty Cổ phần Phát triển Khu Công nghiệp
1253,SP2,Công ty Cổ phần Thủy điện Sử Pán 2
1254,SPB,Công ty Cổ phần Sợi Phú Bài
1255,SPC,Công ty Cổ phần Bảo vệ Thực vật Sài Gòn
1256,SPD,Công ty Cổ phần Xuất nhập khẩu Thủy sản Miền Trung
1257,SPH,Công ty Cổ phần Xuất Nhập khẩu Thủy sản Hà Nội
1258,SPI,Công ty Cổ phần Spiral Galaxy
1259,SPM,Công ty Cổ phần S.P.M
1260,SPV,Công ty Cổ phần Thủy Đặc Sản
1261,SQC,Công ty Cổ phần Khoáng sản Sài Gòn - Quy Nhơn
1262,SRA,Công ty Cổ phần SARA Việt Nam
1263,SRB,Công ty Cổ phần Tập đoàn Sara
1264,SRC,Công ty Cổ phần Cao su Sao Vàng
1265,SRF,Công ty Cổ phần Searefico
1266,SRT,Công ty Cổ phần Vận tải Đường sắt Sài Gòn
1267,SSB,Ngân hàng Thương mại Cổ phần Đông Nam Á
1268,SSC,Công ty Cổ phần Giống cây trồng Miền Nam
1269,SSF,Công ty Cổ phần Giáo dục G Sài Gòn
1270,SSG,Công ty Cổ phần Vận tải Biển Hải Âu
1271,SSH,Công ty Cổ phần Phát triển Sunshine Homes
1272,SSI,Công ty Cổ phần Chứng khoán SSI
1273,SSM,Công ty Cổ phần Chế tạo kết cấu thép VNECO.SSM
1274,SSN,Công ty Cổ phần Xuất nhập khẩu Thủy sản Sài Gòn
1275,SST,Công ty Cổ phần Thương mại Bia Sài Gòn Sông Tiền
1276,ST8,Công ty Cổ phần Đầu tư Phát triển ST8
1277,STB,Ngân hàng Thương mại Cổ phần Sài Gòn Thương Tín
1278,STC,Công ty Cổ phần Sách và Thiết bị trường học Thành phố Hồ Chí Minh
1279,STD,Công ty Cổ phần Bia - Nước giải khát Sài Gòn - Tây Đô
1280,STG,Công ty Cổ phần Kho Vận Miền Nam
1281,STH,Công ty Cổ phần Phát hành sách Thái Nguyên
1282,STK,Công ty Cổ phần Sợi Thế Kỷ
1283,STL,Công ty Cổ phần Sông Đà - Thăng Long
1284,STP,Công ty Cổ phần Công nghiệp Thương mại Sông Đà
1285,STS,Công ty Cổ phần Dịch vụ vận tải Sài Gòn
1286,STT,Công ty Cổ phần Vận chuyển Sài Gòn Tourist
1287,STW,Công ty Cổ phần Cấp nước Sóc Trăng
1288,SVC,Công ty Cổ phần Dịch vụ tổng hợp Sài Gòn
1289,SVD,Công ty Cổ phần Đầu tư & Thương mại Vũ Đăng
1290,SVG,Công ty Cổ phần Hơi kỹ nghệ Que hàn
1291,SVH,Công ty Cổ phần Thủy điện Sông Vàng
1292,SVI,Công ty Cổ phần Bao bì Biên Hòa
1293,SVN,Công ty Cổ phần Tập đoàn Vexilla Việt Nam
1294,SVT,Công ty Cổ phần Công nghệ Sài Gòn Viễn Đông
1295,SWC,Tổng Công ty Cổ phần Đường Sông Miền Nam
1296,SZB,Công ty Cổ phần Sonadezi Long Bình
1297,SZC,Công ty Cổ phần Sonadezi Châu Đức
1298,SZE,Công ty Cổ phần Môi trường Sonadezi
1299,SZG,Công ty Cổ phần Sonadezi Giang Điền
1300,SZL,Công ty Cổ phần Sonadezi Long Thành
1301,TA3,Công ty cổ phần Đầu tư và Xây lắp Thành An 386
1302,TA6,Công ty Cổ phần Đầu tư và Xây lắp Thành An 665
1303,TA9,Công ty Cổ phần Xây lắp Thành An 96
1304,TAB,Công ty Cổ phần Freco Việt Nam
1305,TAL,Công Ty Cổ Phần Đầu Tư Bất Động Sản Taseco
1306,TAN,Công ty Cổ phần Cà phê Thuận An
1307,TAR,Công ty Cổ phần Nông nghiệp Công nghệ cao Trung An
1308,TAW,Công ty Cổ phần Cấp nước Trung An
1309,TB8,Công ty Cổ phần Sản xuất và Kinh doanh Vật tư Thiết bị - VVMI
1310,TBC,Công ty Cổ phần Thủy điện Thác Bà
1311,TBD,Tổng công ty Thiết bị điện Đông Anh - Công ty Cổ phần
1312,TBH,Công ty Cổ phần Tổng Bách Hóa
1313,TBR,Công ty Cổ phần Địa ốc Tân Bình
1314,TBT,Công ty Cổ phần Xây dựng Công trình Giao thông Bến Tre
1315,TBW,Công ty cổ phần Nước sạch Thái Bình
1316,TBX,Công ty Cổ phần Xi măng Thái Bình
1317,TC6,Công ty Cổ phần Than Cọc Sáu - Vinacomin
1318,TCB,Ngân hàng Thương mại Cổ phần Kỹ thương Việt Nam
1319,TCD,Công ty Cổ phần Đầu tư Phát triển Công nghiệp và Vận tải
1320,TCH,Công ty Cổ phần Đầu tư Dịch vụ Tài chính Hoàng Huy
1321,TCI,Công ty Cổ phần Chứng khoán Thành Công
1322,TCJ,Công ty Cổ phần Tô Châu
1323,TCK,Tổng Công ty Cơ khí Xây dựng - CTCP
1324,TCL,Công ty Cổ phần Đại lý Giao nhận Vận tải Xếp dỡ Tân Cảng
1325,TCM,Công ty Cổ phần Dệt may - Đầu tư - Thương mại Thành Công
1326,TCO,Công ty Cổ phần TCO Holdings
1327,TCP,Công ty Cổ phần Kinh doanh Than Cẩm Phả - Vinacomin
1328,TCR,Công ty Cổ phần Công nghiệp Gốm sứ TAICERA
1329,TCT,Công ty Cổ phần Cáp treo Núi Bà Tây Ninh
1330,TCW,Công ty Cổ phần Kho Vận Tân Cảng
1331,TDB,Công ty Cổ phần Thủy điện Định Bình
1332,TDC,Công ty Cổ phần Kinh doanh và Phát triển Bình Dương
1333,TDF,Công ty Cổ phần Trung Đô
1334,TDG,Công ty Cổ phần Đầu tư TDG Global
1335,TDH,Công ty Cổ phần Phát triển Nhà Thủ Đức
1336,TDI,Công ty Cổ phần Tập đoàn TDI 
1337,TDM,Công ty Cổ phần Nước Thủ Dầu Một
1338,TDN,Công ty Cổ phần Than Đèo Nai - Vinacomin
1339,TDP,Công ty Cổ phần Thuận Đức
1340,TDS,Công ty Cổ phần Thép Thủ Đức - VNSTEEL
1341,TDT,Công ty Cổ phần Đầu tư và Phát triển TDT
1342,TDW,Công ty Cổ phần Cấp nước Thủ Đức
1343,TED,Tổng Công ty Tư vấn Thiết kế Giao thông Vận tải - CTCP
1344,TEG,Công ty Cổ phần Năng Lượng và Bất động sản Trường Thành
1345,TEL,Công ty Cổ phần Phát triển công trình viễn thông
1346,TET,Công ty Cổ phần Vải sợi May mặc Miền Bắc
1347,TFC,Công ty Cổ phần Trang
1348,TGG,Công ty Cổ phần The Golden Group
1349,TGP,Công ty Cổ phần Trường Phú
1350,TH1,Công ty Cổ phần Xuất nhập khẩu Tổng hợp I Việt Nam
1351,THB,Công ty Cổ phần Bia Hà Nội - Thanh Hóa
1352,THD,Công ty Cổ phần Thaiholdings
1353,THG,Công ty Cổ phần Đầu tư và Xây dựng Tiền Giang
1354,THM,Công ty Cổ phần Tứ Hải Hà Nam
1355,THN,Công ty Cổ phần Cấp nước Thanh Hóa
1356,THO,Công ty Cổ phần Đầu Tư và Xây Lắp Tây Hồ
1357,THP,Công ty Cổ phần Thủy sản và Thương mại Thuận Phước
1358,THS,Công ty Cổ phần Thanh Hoa Sông Đà
1359,THT,Công ty Cổ phần Than Hà Tu - Vinacomin
1360,THU,Công ty Cổ phần Môi trường và Công trình đô thị Thanh Hóa
1361,THW,Công ty Cổ phần Cấp nước Tân Hòa
1362,TID,Công ty Cổ phần Tổng Công ty Tín Nghĩa
1363,TIE,Công ty Cổ phần TIE
1364,TIG,Công ty Cổ phần Tập đoàn Đầu tư Thăng Long
1365,TIN,Công ty Tài chính Cổ phần Tín Việt
1366,TIP,Công ty Cổ phần Phát triển Khu công nghiệp Tín Nghĩa
1367,TIS,Công ty Cổ phần Gang thép Thái Nguyên
1368,TIX,Công ty Cổ phần Sản xuất Kinh doanh Xuất nhập khẩu Dịch vụ và Đầu tư Tân Bình
1369,TJC,Công ty Cổ phần Dịch vụ Vận tải và Thương mại
1370,TKA,Công ty Cổ phần Bao bì Tân Khánh An
1371,TKC,Công ty Cổ phần Xây dựng và Kinh doanh Địa ốc Tân Kỷ
1372,TKD,Công ty Cổ phần Tư vấn Thiết kế Đường bộ
1373,TKG,Công ty Cổ phần Sản xuất và Thương mại Tùng Khánh
1374,TKU,Công ty Cổ phần Công nghiệp Tung Kuang
1375,TL4,Tổng Công ty Xây dựng Thủy lợi 4 - Công ty Cổ phần
1376,TLD,Công ty Cổ phần Đầu tư Xây dựng và Phát triển Đô thị Thăng Long
1377,TLG,Công ty Cổ phần Tập đoàn Thiên Long
1378,TLH,Công ty Cổ phần Tập đoàn Thép Tiến Lên
1379,TLI,Công ty Cổ phần May Quốc tế Thắng Lợi
1380,TLL,Công ty Cổ phần Dệt may Thắng Lợi
1381,TLP,Tổng Công ty Thương mại Xuất nhập khẩu Thanh Lễ - CTCP
1382,TLT,Công ty Cổ phần Viglacera Thăng Long
1383,TMB,Công ty Cổ phần Kinh doanh Than Miền Bắc - Vinacomin
1384,TMC,Công ty Cổ phần Thương mại Xuất nhập khẩu Thủ Đức
1385,TMG,Công ty Cổ phần Kim loại màu Thái Nguyên - Vimico
1386,TMP,Công ty Cổ phần Thủy điện Thác Mơ
1387,TMS,Công ty Cổ phần Transimex
1388,TMT,Công ty Cổ phần Ô tô TMT
1389,TMW,Công ty Cổ phần Tổng hợp Gỗ Tân Mai
1390,TMX,Công ty Cổ phần VICEM Thương mại Xi măng
1391,TN1,Công ty Cổ phần Thương mại Dịch vụ TNS Holdings
1392,TNA,Công ty Cổ phần Thương mại Xuất nhập khẩu Thiên Nam
1393,TNB,Công ty Cổ phần Thép Nhà Bè - VNSTEEL
1394,TNC,Công ty Cổ phần Cao su Thống Nhất
1395,TNG,Công ty Cổ phần Đầu tư và Thương mại TNG
1396,TNH,Công ty Cổ phần Bệnh viện Quốc tế Thái Nguyên
1397,TNI,Công ty Cổ phần Tập đoàn Thành Nam
1398,TNM,Công ty Cổ phần Xuất nhập khẩu và Xây dựng Công trình
1399,TNP,Công ty Cổ phần Cảng Thị Nại
1400,TNS,Công ty Cổ phần Thép Tấm Lá Thống Nhất
1401,TNT,Công ty Cổ phần Tập đoàn TNT
1402,TNV,Công ty Cổ phần Thống Nhất Hà Nội
1403,TNW,Công ty Cổ phần Nước sạch Thái Nguyên
1404,TOP,Công ty Cổ phần Phân phối Top One
1405,TOS,Công ty Cổ phần Dịch vụ biển Tân Cảng
1406,TOT,Công ty Cổ phần Transimex Logistics
1407,TOW,Công ty Cổ phần Cấp nước Trà Nóc - Ô Môn
1408,TPB,Ngân hàng Thương mại Cổ phần Tiên Phong
1409,TPC,Công ty Cổ phần Nhựa Tân Đại Hưng
1410,TPH,Công ty Cổ phần In Sách giáo khoa tại Thành phố Hà Nội
1411,TPP,Công ty Cổ phần Tân Phú Việt Nam
1412,TPS,Công ty Cổ phần Bến bãi vận tải Sài Gòn
1413,TQN,Công ty Cổ phần Thông Quảng Ninh
1414,TQW,Công ty Cổ phần Cấp thoát nước Tuyên Quang
1415,TR1,Công ty Cổ phần Vận Tải 1 Traco
1416,TRA,Công ty Cổ phần Traphaco
1417,TRC,Công ty Cổ phần Cao su Tây Ninh
1418,TRS,Công ty Cổ phần Vận tải và Dịch vụ Hàng Hải
1419,TRT,Công ty Cổ phần RedstarCera
1420,TS3,Công ty Cổ phần Trường Sơn 532
1421,TS4,Công ty Cổ phần Thủy sản số 4
1422,TSA,Công ty Cổ Phần Đầu Tư Và Xây Lắp Trường Sơn
1423,TSB,Công ty Cổ phần Ắc quy Tia Sáng
1424,TSC,Công ty Cổ phần Vật tư Kỹ thuật Nông nghiệp Cần Thơ
1425,TSD,Công ty Cổ phần Du lịch Trường Sơn Coecco
1426,TSG,Công ty Cổ phần Thông tin Tín hiệu Đường sắt Sài Gòn
1427,TSJ,Công ty Cổ phần Du lịch Dịch vụ Hà Nội
1428,TST,Công ty Cổ phần Dịch vụ Kỹ thuật Viễn thông
1429,TT6,Công ty Cổ Phần Tập Đoàn Tiến Thịnh
1430,TTA,Công ty Cổ phần Đầu tư Xây dựng và Phát triển Trường Thành
1431,TTB,Công ty Cổ phần Tập đoàn Tiến Bộ
1432,TTC,Công ty Cổ phần Gạch men Thanh Thanh
1433,TTD,Công ty Cổ phần Bệnh viện Tim Tâm Đức
1434,TTE,Công ty Cổ phần Đầu tư Năng lượng Trường Thịnh
1435,TTF,Công ty Cổ phần Tập đoàn Kỹ nghệ Gỗ Trường Thành
1436,TTG,Công ty Cổ phần May Thanh Trì
1437,TTH,Công ty Cổ phần Thương mại và Dịch vụ Tiến Thành
1438,TTL,Tổng Công ty Thăng Long - Công ty Cổ phần
1439,TTN,Công ty Cổ phần Công nghệ & Truyền thông Việt Nam
1440,TTP,Công ty Cổ phần Bao bì Tân Tiến
1441,TTS,Công ty Cổ phần Cán thép Thái Trung
1442,TTT,Công ty Cổ phần Du Lịch - Thương Mại Tây Ninh
1443,TTZ,Công ty Cổ phần Đầu tư Xây dựng và Công nghệ Tiến Trung
1444,TUG,Công ty Cổ phần Lai dắt và Vận tải Cảng Hải Phòng
1445,TV1,Công ty Cổ phần Tư vấn Xây dựng Điện 1
1446,TV2,Công ty Cổ phần Tư vấn Xây dựng Điện 2
1447,TV3,Công ty Cổ phần Tư vấn Xây dựng Điện 3
1448,TV4,Công ty Cổ phần Tư vấn Xây dựng Điện 4
1449,TV6,Công ty Cổ phần Thương mại Đầu tư xây lắp điện Thịnh Vượng
1450,TVA,Công ty cổ phần Sứ Viglacera Thanh Trì
1451,TVB,Công ty Cổ phần Chứng khoán Trí Việt
1452,TVC,Công ty Cổ phần Tập đoàn Quản lý Tài sản Trí Việt
1453,TVD,Công ty Cổ phần Than Vàng Danh - Vinacomin
1454,TVG,Công ty Cổ phần Tư vấn Đầu tư và Xây dựng Giao thông Vận tải
1455,TVH,Công ty Cổ phần Tư vấn Xây dựng công trình Hàng hải
1456,TVM,Công ty Cổ phần Tư vấn đầu tư Mỏ và công nghiệp - Vinacomin
1457,TVN,Tổng Công ty Thép Việt Nam - Công ty Cổ phần
1458,TVP,Công ty Cổ phần Dược phẩm TV.Pharm
1459,TVS,Công ty Cổ phần Chứng khoán Thiên Việt
1460,TVT,Tổng Công ty Việt Thắng - CTCP
1461,TVW,Công ty Cổ phần Cấp thoát nước Trà Vinh
1462,TW3,Công ty Cổ phần Dược Trung Ương 3
1463,TXM,Công ty Cổ phần VICEM Thạch cao Xi Măng
1464,TYA,Công ty Cổ phần Dây và Cáp điện Taya Việt Nam
1465,UCT,Công ty Cổ phần Đô thị Cần Thơ
1466,UDC,Công ty Cổ phần Xây dựng và Phát triển đô thị Tỉnh Bà Rịa - Vũng Tàu
1467,UDJ,Công ty Cổ phần Phát triển Đô thị
1468,UDL,Công ty Cổ phần Đô thị và Môi trường Đắk Lắk
1469,UEM,Công ty Cổ phần Cơ điện Uông Bí - Vinacomin
1470,UIC,Công ty Cổ phần Đầu tư Phát triển Nhà và Đô thị IDICO
1471,UMC,Công ty Cổ phần Công trình đô thị Nam Định
1472,UNI,Công ty Cổ phần Đầu tư và Phát triển Sao Mai Việt
1473,UPC,Công ty Cổ phần Phát triển Công viên Cây xanh và Đô thị Vũng Tàu
1474,UPH,Công ty Cổ phần Dược phẩm TW25
1475,USC,Công ty Cổ phần Khảo sát và Xây dựng - USCO
1476,USD,Công ty Cổ phần Công trình Đô thị Sóc Trăng
1477,UTT,Công ty Cổ phần Môi trường Đô thị Thanh Trì
1478,UXC,Công ty Cổ phần Chế biến Thủy sản Út Xi
1479,V11,Công ty Cổ phần Xây dựng số 11
1480,V12,Công ty Cổ phần Xây dựng số 12
1481,V15,Công ty Cổ phần Xây dựng số 15
1482,V21,Công ty Cổ phần Vinaconex 21
1483,V45,Công ty Cổ phần Đầu tư và Xây dựng số 45
1484,VAB,Ngân hàng Thương mại Cổ phần Việt Á
1485,VAF,Công ty Cổ phần Phân lân nung chảy Văn Điển
1486,VAV,Công ty Cổ phần VIWACO
1487,VBB,Ngân hàng Thương mại Cổ phần Việt Nam Thương Tín
1488,VBC,"Công ty Cổ phần Nhựa, Bao bì Vinh"
1489,VBG,Công ty Cổ phần Địa chất Việt Bắc - TKV
1490,VBH,Công ty Cổ phần Điện tử Bình Hòa
1491,VC1,Công ty Cổ phần Xây dựng số 1
1492,VC2,Công ty Cổ phần Đầu tư và Xây dựng VINA2
1493,VC3,Công ty Cổ phần Tập đoàn Nam Mê Kông
1494,VC5,Công ty Cổ phần xây dựng số 5
1495,VC6,Công ty cổ phần Xây dựng và Đầu tư Visicons
1496,VC7,Công ty Cổ phần Tập đoàn BGI
1497,VC9,Công ty Cổ phần Xây dựng số 9 - VC9
1498,VCA,Công ty Cổ phần Thép VICASA - VNSTEEL
1499,VCB,Ngân hàng Thương mại Cổ phần Ngoại thương Việt Nam
1500,VCC,Công ty Cổ phần Vinaconex 25
1501,VCE,Công ty Cổ phần Xây lắp Môi trường
1502,VCF,Công ty Cổ phần VinaCafé Biên Hòa
1503,VCG,Tổng Công ty Cổ phần Xuất nhập khẩu và Xây dựng Việt Nam
1504,VCI,Công ty Cổ phần Chứng khoán Vietcap
1505,VCM,Công ty Cổ phần Nhân lực và Thương mại Vinaconex
1506,VCP,Công ty Cổ phần Xây dựng và Năng lượng VCP
1507,VCR,Công ty Cổ phần Đầu tư và Phát triển Du lịch Vinaconex
1508,VCS,Công ty Cổ phần VICOSTONE
1509,VCT,Công ty Cổ phần Tư vấn Xây dựng Vinaconex
1510,VCW,Công ty Cổ phần Đầu tư Nước sạch Sông Đà
1511,VCX,Công ty Cổ phần Xi măng Yên Bình
1512,VDB,Công ty Cổ phần Vận tải và Chế biến Than Đông Bắc
1513,VDG,Công ty Cổ phần Vạn Đạt Group
1514,VDL,Công ty Cổ phần Thực phẩm Lâm Đồng
1515,VDN,Công ty Cổ phần Vinatex Đà Nẵng
1516,VDP,Công ty Cổ phần Dược phẩm Trung ương VIDIPHA
1517,VDS,Công ty Cổ phần Chứng khoán Rồng Việt
1518,VDT,Công ty Cổ phần Lưới thép Bình Tây
1519,VE1,Công ty Cổ phần Xây dựng điện VNECO 1
1520,VE2,Công ty Cổ phần Xây dựng Điện VNECO 2
1521,VE3,Công ty Cổ phần Xây dựng điện VNECO 3
1522,VE4,Công ty Cổ phần Xây dựng điện VNECO4
1523,VE8,Công ty Cổ phần Xây dựng Điện Vneco 8
1524,VE9,Công ty Cổ phần Đầu tư và Xây dựng VNECO 9
1525,VEA,Tổng Công ty Máy động lực và Máy nông nghiệp Việt Nam - CTCP
1526,VEC,Tổng Công ty Cổ phần Điện tử và Tin học Việt Nam
1527,VEF,Công ty Cổ phần Trung tâm Hội chợ Triển lãm Việt Nam
1528,VES,Công ty Cổ phần Đầu tư và Xây dựng Điện MÊ CA VNECO
1529,VET,Công ty Cổ phần Thuốc Thú y Trung ương NAVETCO
1530,VFC,Công ty Cổ phần VINAFCO
1531,VFG,Công ty Cổ phần Khử trùng Việt Nam
1532,VFR,Công ty Cổ phần Vận tải và Thuê tàu
1533,VFS,Công ty Cổ phần Chứng khoán Nhất Việt
1534,VGC,Tổng Công ty Viglacera - Công ty Cổ phần
1535,VGG,Tổng Công Ty Cổ phần May Việt Tiến
1536,VGI,Tổng Công ty Cổ phần Đầu tư Quốc tế Viettel
1537,VGL,Công ty Cổ phần Mạ kẽm công nghiệp Vingal-Vnsteel
1538,VGP,Công ty Cổ phần Cảng Rau Quả
1539,VGR,Công ty Cổ phần Cảng xanh VIP
1540,VGS,Công ty Cổ phần Ống thép Việt Đức VG PIPE
1541,VGT,Tập đoàn Dệt May Việt Nam
1542,VGV,Tổng Công ty Tư vấn Xây dựng Việt Nam - CTCP
1543,VHC,Công ty Cổ phần Vĩnh Hoàn
1544,VHD,Công ty Cổ phần Đầu tư phát triển nhà và đô thị VINAHUD
1545,VHE,Công ty Cổ phần Dược liệu và Thực phẩm Việt Nam
1546,VHF,Công ty Cổ phần Xây dựng và Chế biến lương thực Vĩnh Hà
1547,VHG,Công ty Cổ phần Đầu tư và Phát triển Việt Trung Nam
1548,VHH,Công ty Cổ phần Đầu tư Kinh doanh nhà Thành Đạt
1549,VHL,Công ty Cổ phần Viglacera Hạ Long
1550,VHM,Công ty Cổ phần Vinhomes
1551,VIB,Ngân hàng Thương mại Cổ phần Quốc tế Việt Nam
1552,VIC,Tập đoàn Vingroup - Công ty CP
1553,VID,Công ty Cổ phần Đầu tư Phát triển Thương mại Viễn Đông
1554,VIE,Công ty Cổ phần Công nghệ Viễn thông VI TE CO
1555,VIF,Tổng Công ty Lâm nghiệp Việt Nam - Công ty Cổ phần
1556,VIG,Công ty Cổ phần Chứng khoán Đầu tư Tài chính Việt Nam
1557,VIH,Công ty Cổ phần Viglacera Hà Nội
1558,VIM,Công ty Cổ phần Khoáng sản Viglacera
1559,VIN,Công ty Cổ phần Giao nhận Kho vận Ngoại thương Việt Nam
1560,VIP,Công ty Cổ phần Vận tải Xăng dầu VIPCO
1561,VIR,Công ty Cổ phần Du lịch Quốc tế Vũng Tàu
1562,VIT,Công ty Cổ phần Viglacera Tiên Sơn
1563,VIW,Tổng công ty Đầu tư Nước và Môi trường Việt Nam - Công ty Cổ phần
1564,VIX,Công ty Cổ phần Chứng khoán VIX
1565,VJC,Công ty Cổ phần Hàng không Vietjet
1566,VKC,Công ty Cổ phần VKC Holdings
1567,VKP,Công ty Cổ phần Nhựa Tân Hóa
1568,VLA,Công ty Cổ phần Đầu tư và Phát triển Công nghệ Văn Lang
1569,VLB,Công ty Cổ phần Xây dựng và Sản xuất Vật liệu Xây dựng Biên Hòa
1570,VLC,Tổng Công ty Chăn nuôi Việt Nam - Công ty Cổ phần
1571,VLF,Công ty Cổ phần Lương thực Thực phẩm Vĩnh Long
1572,VLG,Công ty Cổ phần VIMC Logistics
1573,VLP,Công ty Cổ phần Công trình Công cộng Vĩnh Long
1574,VLW,Công ty Cổ phần Cấp nước Vĩnh Long
1575,VMA,Công ty Cổ phần Công nghiệp Ô tô Vinacomin
1576,VMC,Công ty Cổ phần VIMECO
1577,VMD,Công ty Cổ phần Y Dược phẩm Vimedimex
1578,VMG,Công ty Cổ phần Thương mại và Dịch vụ Dầu khí Vũng Tàu
1579,VMK,Công ty Cổ phần Vimarko
1580,VMS,Công ty Cổ phần Phát triển Hàng Hải
1581,VMT,Công ty Cổ phần Giao nhận Vận tải Miền Trung
1582,VNA,Công ty Cổ phần Vận tải biển Vinaship
1583,VNB,Công ty Cổ phần Sách Việt Nam
1584,VNC,Công ty Cổ phần Tập đoàn Vinacontrol
1585,VND,Công ty Cổ phần Chứng khoán VNDIRECT
1586,VNE,Tổng Công ty Cổ phần Xây dựng điện Việt Nam
1587,VNF,Công ty Cổ phần Vinafreight
1588,VNG,Công ty Cổ phần Du Lịch Thành Thành Công
1589,VNH,Công ty Cổ phần Đầu tư Việt Việt Nhật
1590,VNI,Công ty Cổ phần Đầu tư Bất động sản Việt Nam
1591,VNL,Công ty Cổ phần Logistics Vinalink
1592,VNM,Công ty Cổ phần Sữa Việt Nam
1593,VNP,Công ty Cổ phần Nhựa Việt Nam
1594,VNR,Tổng Công ty Cổ phần Tái bảo hiểm Quốc gia Việt Nam
1595,VNS,Công ty Cổ phần Ánh Dương Việt Nam
1596,VNT,Công ty Cổ phần Giao nhận Vận tải Ngoại Thương
1597,VNX,Công ty Cổ phần Quảng cáo và Hội chợ Thương mại Vinexad
1598,VNY,Công ty Cổ phần Thuốc thú y Trung ương I
1599,VNZ,Công ty Cổ phần VNG
1600,VOC,Tổng Công ty Công nghiệp Dầu thực vật Việt Nam - Công ty Cổ phần
1601,VOS,Công ty Cổ phần Vận tải Biển Việt Nam
1602,VPA,Công ty Cổ phần Vận tải Hóa dầu VP
1603,VPB,Ngân hàng Thương mại Cổ phần Việt Nam Thịnh Vượng
1604,VPC,Công ty Cổ phần Đầu tư và Phát triển Năng lượng Việt Nam
1605,VPD,Công ty Cổ phần Phát triển Điện lực Việt Nam
1606,VPG,Công ty Cổ phần Đầu tư Thương mại Xuất nhập khẩu Việt Phát
1607,VPH,Công ty Cổ phần Vạn Phát Hưng
1608,VPI,Công ty Cổ phần Đầu tư Văn Phú - Invest
1609,VPL,Công ty Cổ phần Vinpearl
1610,VPR,Công ty Cổ phần VINAPRINT
1611,VPS,Công ty Cổ phần Thuốc sát trùng Việt Nam
1612,VPW,Công ty Cổ phần Cấp thoát nước số 1 Vĩnh Phúc
1613,VQC,Công ty Cổ phần Giám định Vinaconmin
1614,VRC,Công ty Cổ phần Bất động sản và Đầu tư VRC
1615,VRE,Công ty Cổ phần Vincom Retail
1616,VRG,Công ty Cổ phần Phát triển Đô thị và Khu Công nghiệp Cao Su Việt Nam
1617,VSA,Công ty Cổ phần Đại lý Hàng hải Việt Nam
1618,VSC,Công ty Cổ phần Container Việt Nam
1619,VSE,Công ty Cổ phần Dịch vụ Đường cao tốc Việt Nam
1620,VSF,Tổng Công ty Lương thực Miền Nam - Công ty Cổ phần
1621,VSG,Công ty Cổ phần Container Phía Nam
1622,VSH,Công ty Cổ phần Thủy điện Vĩnh Sơn - Sông Hinh
1623,VSI,Công ty Cổ phần Đầu tư và Xây dựng Cấp thoát nước
1624,VSM,Công ty Cổ phần Container Miền Trung
1625,VSN,Công ty Cổ phần Việt Nam Kỹ Nghệ Súc Sản
1626,VST,Công ty Cổ phần Vận tải và Thuê Tàu biển Việt Nam
1627,VTA,Công ty Cổ phần VITALY
1628,VTB,Công ty Cổ phần Viettronics Tân Bình
1629,VTC,Công ty Cổ phần Viễn Thông VTC
1630,VTD,Công ty Cổ phần Vietourist Holdings
1631,VTE,Công ty Cổ phần VINACAP Kim Long
1632,VTG,Công ty Cổ phần Du lịch tỉnh Bà Rịa - Vũng Tàu
1633,VTH,Công ty Cổ phần Dây cáp điện Việt Thái
1634,VTI,Công ty Cổ phần Sản xuất - Xuất nhập khẩu Dệt may
1635,VTJ,Công ty Cổ phần Thương mại và Đầu tư VI NA TA BA
1636,VTK,Công ty Cổ phần Tư vấn và Dịch vụ Viettel
1637,VTL,Công ty Cổ phần Vang Thăng Long
1638,VTM,Công ty Cổ phần Vận tải và Đưa đón thợ mỏ - Vinacomin
1639,VTO,Công ty Cổ phần Vận tải Xăng dầu VITACO
1640,VTP,Tổng Công ty Cổ phần Bưu chính Viettel
1641,VTQ,Công ty Cổ phần Việt Trung Quảng Bình
1642,VTR,Công ty Cổ phần Du lịch và tiếp thị giao thông vận tải Việt Nam - Vietravel
1643,VTS,Công ty Cổ phần Gạch Ngói Từ Sơn
1644,VTV,Công ty Cổ phần Năng lượng và Môi trường VICEM
1645,VTX,Công ty Cổ phần Vận tải Đa phương thức VIETRANSTIMEX
1646,VTZ,Công ty Cổ phần Sản xuất và Thương mại Nhựa Việt Thành
1647,VUA,Công ty Cổ phần Chứng khoán Stanley Brothers
1648,VUG,Công Ty Cổ Phần Thủy Sản Việt Úc
1649,VVN,Tổng Công ty Cổ phần Xây dựng Công nghiệp Việt Nam
1650,VVS,Công ty Cổ phần Đầu tư Phát triển Máy Việt Nam
1651,VW1,Công ty cổ phần Xây dựng Cấp thoát nước số 1 - Viwaseen.1
1652,VW3,Công ty Cổ phần VIWASEEN3
1653,VWS,Công ty Cổ phần Nước và Môi trường Việt Nam
1654,VXB,Công ty Cổ phần Vật liệu xây dựng Bến Tre
1655,VXP,Công ty Cổ phần Thuốc Thú y Trung ương VETVACO
1656,VXT,Công ty Cổ phần Kho vận và dịch vụ thương mại
1657,WCS,Công ty Cổ phần Bến xe Miền Tây
1658,WSB,Công ty Cổ phần Bia Sài Gòn - Miền Tây
1659,WSS,Công ty Cổ phần Chứng khoán Phố Wall
1660,WTC,Công ty Cổ phần Vận tải thủy - Vinacomin
1661,X20,Công ty Cổ phần X20
1662,X26,Công ty Cổ phần 26
1663,X77,Công ty Cổ phần Thành An 77
1664,XDC,Công ty Cổ phần Xây dựng Công trình Tân Cảng
1665,XDH,Công ty Cổ phần Đầu tư Xây dựng Dân dụng Hà Nội
1666,XHC,Công ty Cổ phần Xuân Hòa Việt Nam
1667,XLV,Công ty Cổ phần Xây lắp và Dịch vụ Sông Đà
1668,XMC,Công ty cổ phần Đầu tư và Xây dựng Xuân Mai
1669,XMD,Công ty Cổ phần Xuân Mai - Đạo Tú
1670,XMP,Công ty Cổ phần Thủy điện Xuân Minh
1671,XPH,Công ty Cổ phần Xà phòng Hà Nội
1672,YBC,Công ty Cổ phần Xi măng và Khoáng sản Yên Bái
1673,YBM,Công ty Cổ phần Khoáng sản Công nghiệp Yên Bái
1674,YEG,Công ty Cổ phần Tập đoàn Yeah1
1675,YTC,Công ty Cổ phần Xuất nhập khẩu Y tế Thành phố Hồ Chí Minh
